order_id,customer_id,order_date,total_amount
1,314,2024-12-30,623.26
2,510,2024-04-15,168.14
3,54,2024-12-17,952.12
4,236,2024-08-10,740.86
5,1713,2024-05-19,272.47
6,1930,2024-07-21,432.95
7,771,2024-04-20,642.58
8,957,2024-04-22,329.97
9,1171,2025-02-27,274.31
10,620,2025-02-24,685.0
11,1634,2024-12-04,81.37
12,1388,2024-09-09,597.25
13,1738,2024-08-29,729.52
14,786,2025-01-13,959.41
15,580,2025-01-14,29.71
16,1082,2024-12-31,415.17
17,1135,2024-04-04,937.78
18,1975,2024-10-17,247.32
19,1071,2024-06-05,846.94
20,738,2024-05-06,288.13
21,1649,2024-03-30,793.98
22,1809,2024-08-13,200.36
23,1512,2024-06-22,554.55
24,580,2024-07-05,650.86
25,1421,2025-03-11,431.7
26,1842,2024-05-02,852.45
27,1723,2024-04-07,469.26
28,959,2024-05-12,436.16
29,534,2024-12-03,990.78
30,1642,2024-06-24,793.33
31,1340,2025-01-12,331.17
32,1801,2024-11-22,783.81
33,1032,2025-03-20,592.8
34,1875,2025-02-16,283.16
35,478,2024-06-08,492.31
36,302,2025-01-17,590.71
37,1522,2024-08-21,338.31
38,973,2024-07-17,138.04
39,176,2024-11-27,152.01
40,1566,2025-03-13,752.92
41,286,2024-08-22,424.36
42,984,2024-06-09,492.48
43,470,2024-04-22,800.55
44,1669,2024-12-14,78.23
45,959,2024-08-06,867.91
46,56,2024-11-29,981.93
47,1791,2025-01-05,599.03
48,1864,2024-06-21,841.54
49,642,2024-12-28,127.28
50,1243,2024-12-29,414.29
51,867,2025-02-20,240.51
52,692,2024-06-24,173.32
53,769,2024-12-14,622.96
54,1554,2025-02-07,51.07
55,1153,2025-01-04,469.86
56,988,2024-06-20,579.01
57,1020,2024-05-14,818.21
58,1214,2025-01-16,669.07
59,438,2024-12-29,912.54
60,1580,2024-11-06,340.74
61,992,2024-06-29,285.73
62,532,2024-07-29,76.74
63,1084,2024-03-29,922.13
64,1119,2024-04-30,810.28
65,673,2025-02-27,283.24
66,763,2025-01-20,289.07
67,810,2025-03-09,536.49
68,1373,2025-03-22,788.34
69,1840,2024-06-10,752.55
70,632,2025-03-20,745.85
71,250,2025-03-20,226.15
72,1728,2025-02-13,170.87
73,597,2024-06-02,218.58
74,1984,2024-04-15,67.61
75,1434,2024-12-30,966.81
76,814,2024-12-29,749.37
77,984,2024-10-01,806.35
78,1699,2025-02-24,290.53
79,1642,2024-11-19,353.81
80,1062,2024-09-17,850.3
81,398,2025-02-23,261.36
82,1871,2024-07-29,250.61
83,1961,2024-10-28,284.12
84,362,2024-12-07,634.51
85,1302,2024-03-30,986.07
86,777,2024-07-30,298.63
87,1365,2024-05-01,740.62
88,321,2024-09-26,255.7
89,1206,2025-01-30,383.18
90,434,2024-08-21,302.73
91,1099,2024-07-12,245.81
92,1449,2024-05-08,800.43
93,1282,2024-04-24,949.49
94,609,2025-02-23,828.13
95,516,2024-12-04,906.04
96,770,2025-03-15,476.0
97,1106,2024-08-29,760.6
98,126,2024-05-24,810.29
99,1625,2024-09-04,997.51
100,1154,2025-03-02,513.62
101,357,2024-07-10,640.59
102,1340,2024-04-11,605.94
103,510,2024-03-25,233.38
104,1124,2024-07-08,254.66
105,511,2024-10-24,755.44
106,1143,2024-09-30,770.83
107,871,2024-08-16,27.86
108,1545,2024-10-07,957.13
109,1655,2025-02-28,453.42
110,1870,2024-06-04,787.8
111,352,2024-04-10,634.23
112,1219,2024-07-17,375.39
113,371,2024-06-12,42.45
114,550,2024-11-10,911.3
115,803,2024-09-12,681.12
116,1674,2024-10-09,699.86
117,899,2024-07-31,107.5
118,172,2024-08-03,776.3
119,1027,2024-04-06,626.38
120,44,2024-09-27,945.01
121,940,2024-04-06,324.22
122,168,2024-04-27,973.51
123,489,2024-09-02,562.87
124,1984,2024-12-16,665.56
125,25,2025-02-17,35.1
126,167,2024-05-06,836.98
127,1444,2025-03-12,948.9
128,1366,2024-06-12,941.69
129,1491,2025-01-14,926.88
130,448,2024-12-09,611.02
131,923,2025-02-17,317.91
132,417,2024-05-09,159.54
133,1535,2024-08-29,990.05
134,1221,2024-11-08,206.47
135,840,2025-02-15,300.54
136,1135,2024-05-29,996.81
137,809,2024-09-01,339.15
138,1924,2024-06-14,302.12
139,1994,2024-10-17,198.83
140,1973,2024-10-26,453.55
141,1702,2024-12-14,258.57
142,220,2024-12-09,361.24
143,657,2024-05-09,582.31
144,395,2025-01-20,104.19
145,1361,2024-12-24,286.94
146,9,2024-04-17,781.72
147,1855,2024-08-20,802.39
148,1461,2024-06-27,831.03
149,1659,2024-09-15,393.68
150,191,2024-06-17,767.25
151,551,2024-07-13,844.98
152,658,2024-09-10,348.97
153,673,2024-05-30,436.36
154,1585,2024-11-22,830.44
155,957,2024-04-10,608.53
156,292,2024-08-24,748.47
157,197,2024-04-08,897.77
158,1688,2025-01-10,685.79
159,107,2024-05-02,209.71
160,446,2024-08-19,797.99
161,1317,2024-05-18,41.18
162,169,2024-07-14,310.85
163,1347,2025-01-18,384.52
164,1821,2025-01-28,212.34
165,654,2024-04-28,388.69
166,5,2025-03-17,925.9
167,24,2024-07-12,68.1
168,50,2025-02-01,174.56
169,1505,2025-01-04,373.66
170,1433,2025-01-02,230.56
171,1953,2024-10-27,229.54
172,1093,2024-04-25,317.67
173,1213,2024-06-15,910.75
174,130,2024-06-06,583.21
175,1387,2024-07-24,796.68
176,304,2024-12-15,581.16
177,1779,2025-01-30,390.66
178,1747,2025-02-20,890.71
179,478,2024-12-02,177.93
180,248,2024-04-12,239.82
181,27,2024-10-09,938.28
182,1206,2024-09-05,791.62
183,834,2024-08-02,381.61
184,1923,2025-01-30,69.45
185,1192,2025-01-25,200.71
186,28,2024-12-20,553.81
187,1530,2024-08-24,43.06
188,760,2024-06-20,959.81
189,672,2025-01-07,102.79
190,1493,2024-06-23,848.3
191,1787,2024-09-06,815.58
192,911,2025-01-20,987.6
193,1209,2024-05-21,85.02
194,1395,2025-01-29,604.86
195,1484,2024-03-25,108.69
196,192,2024-12-19,579.21
197,1289,2024-11-04,100.81
198,102,2025-03-13,385.77
199,87,2024-04-27,565.7
200,921,2024-05-09,797.87
201,1088,2024-07-02,459.19
202,1872,2024-09-07,170.1
203,661,2024-05-11,316.76
204,945,2024-04-24,931.58
205,782,2024-07-05,719.46
206,1922,2024-12-27,187.7
207,1965,2024-09-07,73.81
208,1094,2024-09-14,852.15
209,1041,2024-10-11,76.3
210,445,2024-08-12,846.55
211,754,2024-07-21,565.26
212,1486,2025-01-31,734.22
213,964,2025-01-17,953.17
214,680,2025-02-08,110.53
215,557,2024-12-16,908.72
216,1124,2025-01-13,390.9
217,1837,2024-06-03,187.0
218,1983,2024-06-18,691.42
219,1171,2024-08-15,69.49
220,1536,2024-10-29,379.96
221,487,2024-09-19,738.5
222,1475,2024-12-14,293.99
223,185,2024-07-11,988.65
224,455,2024-08-15,925.2
225,773,2024-03-31,652.55
226,1907,2024-09-15,120.11
227,639,2024-10-15,144.11
228,429,2024-11-08,705.26
229,633,2024-08-13,140.4
230,653,2024-12-07,414.87
231,1735,2025-01-27,603.52
232,1511,2024-11-01,718.82
233,1458,2025-03-07,787.2
234,238,2024-12-13,263.33
235,1861,2024-05-11,157.39
236,1932,2024-06-29,876.35
237,1346,2024-10-26,435.15
238,960,2024-05-22,915.68
239,373,2024-03-28,189.56
240,1025,2024-06-16,866.26
241,887,2025-01-16,934.12
242,1291,2024-07-07,595.52
243,992,2024-07-05,930.53
244,189,2024-11-17,446.63
245,980,2024-07-19,459.66
246,262,2024-04-11,38.67
247,1840,2024-07-23,165.17
248,1148,2024-04-10,455.45
249,60,2024-12-19,611.01
250,16,2024-05-09,452.18
251,668,2025-03-11,127.16
252,1007,2024-12-18,843.85
253,1865,2024-06-10,311.24
254,308,2024-11-24,645.13
255,1373,2025-01-17,145.3
256,784,2024-05-26,572.22
257,1726,2024-12-21,303.71
258,664,2024-10-24,746.85
259,1595,2024-05-06,365.29
260,290,2024-07-31,25.09
261,675,2024-10-11,537.63
262,1782,2024-06-02,196.36
263,1672,2024-12-12,61.42
264,1565,2024-08-25,540.41
265,179,2025-02-13,787.53
266,1679,2024-11-19,853.17
267,1925,2024-07-23,622.81
268,456,2024-05-24,383.25
269,1503,2025-03-17,331.75
270,1320,2024-08-24,283.89
271,383,2024-12-07,599.82
272,1596,2024-12-27,647.12
273,1860,2024-07-01,389.31
274,1663,2024-09-15,165.73
275,368,2024-08-20,217.04
276,1649,2025-01-21,980.27
277,1137,2024-06-17,171.96
278,907,2024-07-09,97.66
279,509,2025-03-15,703.56
280,311,2025-03-11,502.94
281,1709,2024-06-17,682.6
282,792,2024-05-12,415.24
283,1961,2024-10-15,910.83
284,245,2024-09-17,490.37
285,16,2024-08-19,233.38
286,1109,2025-02-24,390.44
287,1693,2024-05-09,112.0
288,124,2025-02-17,970.35
289,343,2024-12-02,394.91
290,1255,2024-10-09,309.33
291,354,2024-05-13,29.84
292,610,2024-07-24,431.08
293,1344,2025-03-06,211.17
294,1212,2025-01-31,765.58
295,894,2024-10-16,152.77
296,779,2024-06-06,689.94
297,1908,2025-03-14,203.0
298,538,2024-07-04,950.51
299,1952,2025-03-14,353.47
300,105,2024-07-26,721.8
301,1497,2024-06-07,20.66
302,1383,2024-07-16,438.41
303,1115,2024-05-27,737.73
304,1242,2024-09-13,926.35
305,122,2024-08-24,593.29
306,1746,2024-12-22,329.24
307,801,2024-10-07,283.92
308,26,2025-01-06,377.76
309,326,2024-03-29,349.11
310,1633,2024-06-14,716.89
311,15,2024-12-04,326.64
312,218,2025-01-23,210.59
313,130,2025-02-17,806.84
314,31,2024-09-25,772.95
315,658,2024-09-28,687.73
316,269,2024-11-16,679.61
317,1457,2024-07-31,416.17
318,99,2024-03-29,790.64
319,1900,2024-06-08,479.85
320,657,2024-12-27,355.54
321,1951,2024-06-25,425.94
322,360,2024-12-17,769.34
323,325,2024-11-21,664.89
324,209,2024-04-04,473.09
325,466,2024-07-27,971.44
326,1191,2024-07-18,250.01
327,195,2024-12-29,589.54
328,1620,2025-02-02,326.52
329,627,2024-11-22,737.34
330,83,2025-03-10,467.92
331,1192,2024-09-18,299.99
332,940,2024-09-26,305.23
333,134,2024-05-14,502.84
334,1371,2024-08-11,845.84
335,732,2024-04-13,283.24
336,474,2024-05-08,849.89
337,166,2025-02-23,203.17
338,258,2024-05-15,546.1
339,1009,2024-05-15,681.77
340,411,2024-03-26,765.53
341,1344,2024-10-04,88.62
342,794,2024-08-20,345.93
343,1293,2024-03-23,46.72
344,1983,2024-06-24,866.83
345,1841,2024-04-21,430.82
346,204,2024-04-21,711.03
347,689,2025-01-24,596.15
348,250,2025-01-08,219.76
349,77,2024-09-20,326.66
350,1332,2024-12-08,813.35
351,16,2024-06-12,504.55
352,1399,2024-06-07,293.69
353,314,2024-10-01,956.59
354,441,2025-02-18,499.09
355,1372,2024-08-24,50.37
356,860,2025-02-20,994.08
357,1052,2024-12-24,388.84
358,1833,2024-10-11,681.77
359,1219,2024-06-14,298.97
360,942,2024-09-27,739.84
361,259,2024-06-21,354.46
362,1368,2024-08-07,162.76
363,95,2024-07-09,856.88
364,1787,2024-06-22,583.11
365,782,2024-05-18,350.07
366,1977,2025-02-16,949.01
367,31,2024-07-05,658.88
368,67,2024-08-15,588.15
369,138,2024-03-24,822.76
370,1531,2025-01-31,458.34
371,1616,2024-06-28,466.7
372,985,2024-09-01,219.88
373,170,2024-07-13,939.64
374,564,2024-12-13,581.92
375,1135,2025-03-03,36.69
376,1876,2024-10-06,134.26
377,77,2025-01-13,235.56
378,364,2024-10-24,587.51
379,667,2024-06-07,568.99
380,135,2024-09-24,385.15
381,1546,2025-02-19,470.46
382,328,2025-02-15,707.56
383,1394,2024-06-09,860.95
384,1974,2024-12-07,738.55
385,504,2024-11-10,654.15
386,688,2024-08-11,85.61
387,867,2025-03-08,727.38
388,1269,2024-09-08,100.9
389,505,2024-05-15,509.84
390,498,2024-12-21,399.19
391,11,2024-11-14,850.11
392,1651,2024-06-18,527.43
393,1620,2024-11-24,100.91
394,794,2024-06-18,680.48
395,116,2024-10-20,524.06
396,353,2024-05-21,46.99
397,585,2024-12-09,642.44
398,1799,2024-12-21,649.68
399,391,2024-07-09,638.22
400,652,2025-01-21,659.4
401,1199,2024-12-07,89.0
402,1439,2024-06-16,397.48
403,1984,2024-07-01,71.62
404,142,2024-10-19,815.14
405,452,2024-08-23,828.99
406,1479,2025-01-21,521.06
407,154,2025-02-07,185.24
408,544,2024-12-26,58.33
409,1535,2024-06-24,429.36
410,1473,2025-02-01,646.75
411,1938,2024-07-11,851.25
412,1796,2024-06-03,238.44
413,660,2024-05-31,896.18
414,1601,2024-08-22,907.67
415,1231,2024-10-04,236.59
416,1054,2024-11-07,264.28
417,829,2024-09-24,921.08
418,524,2024-08-30,637.41
419,888,2024-09-16,724.99
420,1939,2024-10-23,53.23
421,30,2024-12-16,683.31
422,1639,2025-01-21,106.7
423,388,2024-06-29,887.48
424,923,2024-09-25,597.91
425,976,2024-11-05,556.22
426,571,2024-11-19,373.54
427,189,2024-11-18,37.87
428,1486,2025-02-11,348.34
429,718,2024-08-11,414.96
430,1521,2024-08-03,224.34
431,397,2024-10-18,47.53
432,786,2024-07-05,989.46
433,1065,2025-03-08,407.47
434,1934,2025-02-19,937.62
435,1979,2025-03-06,186.0
436,795,2024-05-31,181.59
437,1698,2024-10-20,487.7
438,844,2024-04-30,969.63
439,1284,2024-10-25,532.73
440,1839,2024-04-18,832.13
441,1352,2024-03-28,989.77
442,119,2025-02-18,960.69
443,362,2024-08-13,375.94
444,1238,2024-04-17,836.16
445,1148,2025-02-07,199.63
446,1492,2024-07-13,149.2
447,665,2025-03-03,723.66
448,1110,2024-07-13,122.72
449,1009,2024-09-20,31.39
450,879,2024-12-04,252.44
451,1820,2024-05-27,754.8
452,1939,2024-10-16,306.45
453,1968,2024-10-25,896.25
454,1186,2025-01-29,29.19
455,1721,2024-05-02,537.27
456,282,2024-12-27,200.7
457,498,2024-12-02,993.52
458,1463,2024-04-06,768.65
459,822,2024-07-30,958.13
460,1169,2025-02-02,36.07
461,1935,2025-03-01,200.82
462,1358,2024-03-24,852.69
463,952,2024-10-27,544.88
464,1173,2024-09-04,853.21
465,1129,2024-06-20,539.93
466,254,2025-02-10,551.49
467,1110,2025-01-07,281.87
468,1393,2024-08-22,571.17
469,21,2024-04-09,783.83
470,1912,2025-02-02,688.5
471,794,2024-05-26,178.87
472,1396,2024-04-06,257.79
473,1565,2025-03-02,881.92
474,1151,2024-11-30,922.99
475,1885,2024-10-02,184.46
476,112,2025-01-13,720.84
477,1538,2024-05-28,668.23
478,476,2024-04-06,944.12
479,1481,2025-01-02,592.57
480,1686,2024-09-20,832.98
481,1865,2025-02-28,199.19
482,1707,2025-01-28,540.56
483,544,2024-07-16,833.98
484,659,2024-06-13,626.0
485,150,2024-12-17,836.14
486,366,2024-08-31,377.74
487,263,2024-12-01,239.92
488,248,2024-05-31,782.93
489,241,2025-03-20,490.09
490,916,2024-06-25,479.76
491,1494,2024-07-26,572.61
492,1289,2024-09-12,198.05
493,1570,2024-12-08,940.41
494,1110,2025-01-06,865.47
495,1883,2024-06-18,852.76
496,1559,2025-02-24,165.91
497,1326,2024-07-14,376.22
498,1427,2024-06-30,67.52
499,316,2025-01-11,74.45
500,1140,2024-08-17,887.02
501,81,2024-09-03,93.06
502,1568,2025-02-07,886.94
503,529,2025-03-17,474.23
504,1798,2025-02-22,527.6
505,105,2024-06-24,901.2
506,414,2024-12-01,156.87
507,1551,2024-10-25,782.89
508,477,2025-03-12,125.67
509,665,2024-11-09,269.22
510,83,2024-09-23,272.46
511,1623,2024-10-31,268.99
512,1098,2024-03-24,71.37
513,578,2025-01-11,948.7
514,1001,2024-03-31,125.77
515,676,2024-10-27,949.49
516,776,2024-06-27,503.41
517,313,2025-01-21,815.52
518,825,2024-12-14,770.91
519,332,2024-12-30,439.38
520,1333,2024-08-03,990.42
521,1718,2024-11-27,687.79
522,1083,2024-03-29,262.22
523,1509,2024-06-18,519.74
524,700,2024-12-16,357.49
525,1645,2024-04-19,400.19
526,80,2025-01-29,470.0
527,877,2024-12-03,90.95
528,464,2024-06-10,739.42
529,206,2025-01-27,518.96
530,903,2024-09-27,924.83
531,478,2024-03-28,715.93
532,526,2025-02-26,197.37
533,1553,2024-08-05,343.62
534,86,2024-05-01,289.39
535,1959,2024-11-17,787.82
536,706,2024-10-19,690.17
537,1608,2025-01-30,66.59
538,782,2024-03-30,363.29
539,902,2024-11-24,545.18
540,816,2024-08-28,152.47
541,62,2025-01-02,121.23
542,1133,2024-12-04,758.13
543,1905,2024-08-27,975.18
544,652,2024-08-30,919.54
545,353,2024-11-01,811.63
546,272,2024-04-23,739.11
547,1627,2024-10-05,654.56
548,1699,2024-05-27,806.89
549,664,2025-02-18,607.46
550,1261,2024-12-08,122.46
551,340,2024-10-18,337.09
552,962,2024-10-07,159.61
553,1,2024-10-06,961.88
554,766,2025-03-07,299.11
555,573,2024-09-20,782.99
556,1559,2024-04-09,825.57
557,248,2024-03-26,927.36
558,1846,2024-08-23,670.9
559,599,2024-12-24,213.54
560,1047,2024-05-17,897.35
561,27,2024-10-17,718.5
562,382,2024-09-22,829.41
563,384,2024-08-29,473.04
564,313,2024-09-17,542.27
565,1021,2025-02-24,28.61
566,106,2024-06-13,793.56
567,1346,2024-04-17,542.56
568,1319,2024-06-28,296.61
569,342,2025-03-07,292.12
570,1105,2024-04-04,965.85
571,1791,2024-11-20,613.3
572,583,2025-03-02,845.23
573,52,2024-12-22,581.92
574,349,2024-08-13,554.17
575,1872,2024-09-26,140.69
576,168,2024-04-17,662.96
577,1838,2024-11-26,232.14
578,670,2025-03-22,188.02
579,1309,2024-09-10,105.37
580,1481,2024-11-13,147.63
581,424,2024-12-19,48.4
582,1105,2024-12-16,590.67
583,499,2024-10-09,296.3
584,1319,2024-07-19,774.71
585,1970,2024-07-30,411.12
586,1599,2024-11-12,793.18
587,520,2024-12-02,37.62
588,1554,2024-07-03,872.81
589,1378,2024-10-05,26.32
590,51,2024-05-04,632.27
591,1605,2024-04-18,653.32
592,247,2024-12-08,258.18
593,1310,2025-03-07,842.3
594,1761,2024-11-24,313.17
595,18,2024-11-02,471.52
596,276,2024-09-23,289.99
597,840,2024-09-24,280.71
598,770,2024-11-06,331.56
599,1660,2024-08-17,222.79
600,202,2024-12-02,864.13
601,1475,2024-06-15,719.31
602,265,2024-08-16,280.02
603,1737,2024-12-12,813.81
604,36,2024-09-18,137.8
605,837,2024-08-28,226.46
606,1623,2024-03-28,517.31
607,934,2024-06-16,671.01
608,596,2024-04-28,42.14
609,584,2024-12-11,890.17
610,24,2024-10-03,175.39
611,573,2024-11-22,716.96
612,1645,2025-03-08,501.06
613,107,2024-10-27,67.36
614,1772,2024-06-15,445.63
615,565,2024-12-05,721.2
616,1272,2024-12-22,444.01
617,1316,2024-12-14,584.73
618,1535,2025-01-09,593.65
619,595,2024-03-25,443.41
620,1387,2024-07-05,951.77
621,1603,2025-01-12,274.59
622,201,2024-06-14,654.2
623,1451,2024-05-06,85.59
624,703,2024-11-26,678.1
625,1088,2024-10-12,774.77
626,941,2025-03-06,293.88
627,1388,2025-02-20,598.5
628,21,2024-04-24,913.72
629,1203,2025-03-05,253.83
630,1167,2025-03-12,69.3
631,1293,2024-03-26,23.0
632,1765,2024-07-27,803.52
633,1819,2024-08-09,58.04
634,441,2024-04-11,772.7
635,204,2024-10-28,430.32
636,542,2024-08-28,804.68
637,1098,2025-02-02,110.59
638,1401,2024-07-13,712.28
639,1795,2024-12-21,936.29
640,618,2025-02-23,516.5
641,1239,2025-01-24,597.85
642,1897,2024-11-05,160.7
643,1342,2024-05-29,902.24
644,1149,2025-01-07,518.41
645,1612,2024-07-03,400.73
646,579,2024-04-28,568.88
647,1011,2024-12-15,882.95
648,638,2024-06-19,895.86
649,324,2025-01-10,765.62
650,464,2024-11-23,709.21
651,1554,2024-06-16,192.09
652,265,2024-07-06,221.9
653,1825,2024-04-27,755.13
654,1626,2024-09-02,373.11
655,1492,2024-07-03,219.67
656,761,2024-07-18,588.68
657,382,2024-07-12,724.76
658,754,2025-01-21,742.93
659,470,2024-09-07,834.55
660,459,2024-09-19,608.26
661,1550,2025-03-09,628.55
662,296,2025-01-30,800.56
663,1943,2025-02-23,282.98
664,1284,2024-10-28,867.7
665,841,2024-07-23,723.36
666,450,2024-04-18,970.38
667,1213,2024-12-21,140.1
668,459,2024-07-18,485.56
669,1821,2024-06-20,590.5
670,679,2024-06-06,526.41
671,1635,2024-04-19,510.33
672,109,2024-09-28,385.25
673,12,2024-05-08,376.83
674,875,2024-04-24,132.26
675,1456,2025-01-18,92.7
676,451,2024-10-25,808.3
677,1887,2024-05-12,786.45
678,703,2025-03-01,774.95
679,1533,2024-04-01,268.84
680,1075,2024-10-07,445.24
681,763,2024-03-24,755.46
682,731,2024-11-06,626.66
683,1656,2024-09-03,347.95
684,969,2024-12-01,743.26
685,185,2024-09-21,621.13
686,1056,2024-11-06,150.47
687,1435,2024-12-26,148.11
688,1503,2025-02-03,385.01
689,34,2024-12-23,213.56
690,679,2025-02-24,455.98
691,1533,2024-06-06,209.38
692,1568,2024-04-14,280.82
693,1063,2024-06-13,753.12
694,398,2025-02-19,396.9
695,281,2024-04-26,342.89
696,1616,2025-01-16,661.66
697,1103,2024-06-10,732.07
698,1652,2024-07-14,251.86
699,691,2025-03-06,648.67
700,1737,2024-12-26,895.77
701,1847,2024-12-08,445.47
702,1051,2024-07-28,907.75
703,1561,2024-08-31,740.68
704,395,2024-05-28,230.83
705,1158,2024-08-06,416.67
706,405,2024-08-30,481.93
707,1320,2024-11-10,61.61
708,168,2024-05-21,439.43
709,777,2024-09-25,656.69
710,1064,2024-06-30,701.8
711,1076,2024-10-25,119.49
712,150,2024-06-30,240.81
713,413,2024-11-14,843.27
714,2000,2024-09-27,753.69
715,1209,2024-07-17,443.94
716,1886,2024-08-21,42.63
717,1574,2024-12-23,510.04
718,83,2025-03-04,384.07
719,450,2025-01-27,90.03
720,1760,2024-11-17,106.27
721,1109,2024-06-21,488.38
722,1073,2024-08-15,459.34
723,292,2025-03-09,936.04
724,1504,2025-03-07,636.45
725,1301,2024-10-21,874.76
726,69,2024-11-11,951.55
727,1329,2025-01-22,141.05
728,1817,2025-03-05,984.38
729,534,2025-02-06,972.77
730,1697,2024-06-13,335.54
731,487,2025-03-15,917.56
732,837,2024-11-26,557.64
733,1760,2024-04-01,210.02
734,892,2024-12-28,449.59
735,289,2025-02-07,79.72
736,395,2024-03-26,654.36
737,1328,2024-04-24,167.0
738,297,2024-10-10,809.62
739,1974,2024-06-18,393.88
740,1051,2024-04-04,26.56
741,1757,2024-12-13,447.48
742,791,2024-06-01,261.58
743,258,2024-04-24,54.26
744,89,2024-06-30,379.94
745,58,2024-12-14,304.29
746,613,2024-06-18,113.88
747,1052,2025-01-05,160.96
748,253,2024-03-23,252.56
749,1096,2024-03-25,725.94
750,1520,2024-07-04,754.73
751,1510,2024-05-31,656.96
752,1836,2024-04-10,228.37
753,1045,2024-10-24,168.41
754,1808,2024-08-15,569.58
755,1554,2024-11-16,295.92
756,1953,2024-07-10,871.61
757,1780,2024-08-22,907.99
758,1280,2024-09-30,528.87
759,238,2024-07-26,396.37
760,1849,2024-05-17,919.53
761,1952,2024-08-18,406.52
762,1307,2024-09-11,794.42
763,1778,2024-04-11,573.05
764,1296,2024-12-08,804.25
765,1572,2025-02-02,443.24
766,25,2024-09-01,379.83
767,451,2024-09-05,799.26
768,46,2024-07-29,527.85
769,736,2024-11-06,255.12
770,281,2024-05-06,572.13
771,445,2024-08-16,462.16
772,1842,2024-05-02,473.7
773,610,2024-09-21,930.05
774,1242,2024-06-18,55.79
775,1641,2024-03-23,315.79
776,1141,2024-09-13,737.94
777,1985,2024-06-14,943.32
778,715,2024-09-02,747.38
779,1855,2024-12-29,659.83
780,467,2024-05-20,501.48
781,1349,2025-02-04,370.62
782,1922,2024-11-12,798.62
783,1664,2024-11-21,777.54
784,246,2024-03-23,69.47
785,890,2024-06-02,662.01
786,1147,2024-11-26,295.99
787,764,2025-03-11,686.76
788,1204,2024-04-09,186.92
789,1065,2025-02-05,244.22
790,850,2024-06-13,918.19
791,153,2025-01-11,992.6
792,1052,2024-06-24,924.1
793,18,2024-12-18,530.83
794,636,2024-08-14,844.61
795,1637,2025-01-26,388.8
796,476,2024-05-18,299.26
797,475,2025-03-12,453.82
798,438,2024-04-03,594.27
799,1888,2025-03-02,849.27
800,168,2024-05-13,816.72
801,1612,2024-04-05,455.64
802,1854,2024-09-06,505.13
803,1700,2024-06-01,246.17
804,1764,2024-12-24,714.79
805,1239,2024-11-08,733.6
806,978,2024-12-23,470.86
807,559,2024-05-12,235.37
808,1813,2024-12-16,392.73
809,1732,2024-08-30,814.34
810,947,2024-11-21,70.34
811,55,2024-07-25,572.68
812,846,2024-11-11,742.51
813,324,2025-03-05,429.97
814,721,2024-11-26,819.41
815,384,2025-02-04,762.76
816,1612,2024-05-31,154.12
817,65,2025-03-17,439.43
818,1942,2024-10-11,174.67
819,733,2025-02-28,446.29
820,1943,2024-03-31,61.96
821,320,2024-05-08,143.47
822,1662,2024-07-17,626.86
823,107,2024-11-29,686.01
824,403,2024-05-19,880.97
825,1488,2024-09-03,131.68
826,1657,2025-02-06,523.19
827,33,2024-04-04,503.28
828,936,2024-09-15,389.83
829,1776,2024-12-20,389.8
830,775,2025-02-20,190.76
831,1919,2024-12-15,678.18
832,1525,2024-06-04,707.68
833,696,2025-01-07,227.37
834,913,2024-08-23,720.35
835,1840,2024-11-23,144.33
836,1327,2025-01-31,178.02
837,1207,2024-07-14,234.68
838,653,2024-10-09,810.93
839,1326,2024-10-03,311.23
840,748,2024-11-06,791.11
841,981,2024-04-23,209.24
842,1343,2025-01-18,89.9
843,225,2024-10-11,822.47
844,130,2024-11-17,664.64
845,1642,2025-03-21,835.84
846,777,2024-07-06,853.13
847,1930,2024-12-20,207.0
848,803,2024-10-09,167.69
849,1414,2024-09-02,590.57
850,122,2024-06-07,235.89
851,1417,2024-03-30,654.11
852,660,2024-12-30,797.88
853,1008,2024-07-01,43.32
854,1417,2024-08-04,566.51
855,127,2024-05-30,824.2
856,101,2024-07-14,169.97
857,1054,2025-01-19,203.82
858,1197,2024-11-06,398.9
859,1862,2024-09-11,39.86
860,1482,2024-06-23,160.69
861,491,2025-01-26,454.1
862,312,2024-09-02,580.36
863,630,2024-04-26,591.52
864,1182,2024-08-05,661.16
865,1046,2024-09-16,452.99
866,1726,2025-03-09,558.52
867,607,2024-08-30,540.26
868,1769,2024-04-30,545.31
869,1002,2024-11-09,379.17
870,821,2024-10-04,325.19
871,1612,2024-12-06,641.62
872,583,2024-05-12,253.14
873,1008,2024-10-28,129.49
874,778,2024-10-05,562.92
875,461,2024-07-15,183.54
876,966,2024-04-23,905.3
877,1832,2024-12-12,661.03
878,1636,2024-09-16,997.18
879,282,2024-07-31,257.83
880,878,2024-12-24,450.28
881,1716,2024-06-30,909.23
882,600,2025-01-12,808.38
883,668,2024-07-08,401.12
884,739,2024-09-07,139.96
885,1958,2024-08-10,646.78
886,1591,2024-09-23,610.38
887,1297,2024-06-01,126.29
888,1759,2024-08-25,128.91
889,547,2024-09-03,669.36
890,710,2024-07-02,923.01
891,1811,2024-10-16,396.83
892,909,2024-10-03,48.5
893,654,2024-12-23,531.44
894,1065,2024-06-28,926.62
895,1025,2025-01-28,806.9
896,582,2025-03-11,529.94
897,1627,2024-08-11,386.62
898,378,2024-05-13,116.15
899,1762,2024-06-29,119.46
900,477,2024-10-19,307.13
901,1323,2024-05-01,564.98
902,1984,2024-04-13,451.24
903,1831,2024-05-06,261.5
904,555,2024-07-19,520.41
905,417,2025-02-21,356.61
906,1982,2024-08-12,351.37
907,1441,2024-10-05,359.02
908,1705,2025-03-14,408.27
909,449,2024-10-30,506.33
910,224,2024-03-26,541.5
911,864,2024-04-12,105.33
912,1671,2024-11-09,902.95
913,262,2024-09-29,897.05
914,1118,2024-06-18,944.88
915,156,2024-12-08,545.11
916,1374,2024-04-27,751.9
917,238,2024-10-17,700.68
918,1766,2024-11-05,711.63
919,485,2024-08-29,190.53
920,1568,2024-04-27,226.76
921,546,2024-05-25,396.19
922,183,2024-08-25,533.8
923,182,2024-03-23,670.26
924,515,2025-01-17,53.68
925,700,2024-05-03,705.02
926,1409,2024-06-15,981.28
927,1382,2024-04-20,96.47
928,617,2025-01-16,530.9
929,1202,2024-08-16,956.5
930,1760,2024-06-03,261.23
931,1817,2024-07-07,229.38
932,559,2025-03-22,130.25
933,1030,2024-07-30,383.61
934,1260,2024-07-25,619.09
935,308,2024-05-02,669.44
936,1685,2024-04-08,568.39
937,14,2024-07-30,339.61
938,170,2024-06-24,106.59
939,1682,2024-06-15,468.52
940,471,2024-04-02,296.31
941,1887,2024-04-11,83.93
942,1345,2024-06-06,969.22
943,355,2025-03-13,941.7
944,1460,2024-04-03,381.89
945,716,2025-03-06,780.48
946,853,2024-12-11,963.62
947,1813,2024-08-08,751.75
948,1785,2024-09-15,473.4
949,950,2024-11-03,489.11
950,1977,2025-02-19,896.02
951,306,2024-10-21,216.78
952,115,2024-05-21,896.33
953,1760,2024-08-29,236.25
954,909,2024-05-06,824.13
955,1516,2024-10-29,47.61
956,1765,2025-02-18,814.23
957,1211,2024-04-18,364.46
958,1632,2025-03-22,686.45
959,1439,2024-07-09,402.5
960,2000,2024-12-15,724.33
961,1563,2025-03-02,501.58
962,1860,2024-06-25,247.95
963,364,2024-06-25,25.16
964,1904,2024-08-12,191.68
965,289,2024-08-14,20.9
966,898,2024-08-08,41.11
967,1720,2024-12-04,723.74
968,39,2025-03-15,616.58
969,275,2024-07-05,585.9
970,744,2024-10-02,700.95
971,1825,2025-03-15,264.89
972,1832,2024-11-28,856.53
973,402,2025-01-15,747.54
974,737,2024-11-30,963.83
975,282,2025-02-01,332.21
976,45,2024-11-13,947.1
977,1446,2024-09-20,273.78
978,1485,2024-10-06,594.85
979,326,2024-03-27,785.78
980,1623,2024-11-28,409.93
981,445,2024-05-22,225.76
982,595,2025-03-02,865.98
983,1740,2025-02-13,619.18
984,1577,2024-09-23,604.47
985,608,2024-06-27,735.02
986,1188,2025-02-19,565.18
987,242,2025-03-19,815.72
988,1320,2024-08-29,726.3
989,140,2024-07-25,67.18
990,463,2024-04-28,899.04
991,1494,2025-02-28,671.21
992,1780,2025-01-28,959.59
993,1551,2024-07-13,994.48
994,1335,2024-08-21,263.42
995,841,2024-05-04,321.54
996,792,2024-03-24,227.69
997,1386,2025-02-01,410.91
998,1155,2024-06-18,792.19
999,1180,2024-11-05,777.66
1000,519,2024-04-01,945.85
1001,262,2024-05-23,475.23
1002,490,2025-01-08,84.86
1003,1403,2025-03-16,800.02
1004,872,2024-04-22,496.07
1005,784,2024-04-09,890.03
1006,78,2024-12-12,615.69
1007,1477,2024-12-11,630.99
1008,1887,2024-04-20,422.15
1009,1511,2024-08-24,176.49
1010,1268,2024-09-28,895.49
1011,328,2024-10-17,627.73
1012,1206,2024-10-03,253.97
1013,1459,2024-04-03,169.24
1014,1243,2024-10-28,324.39
1015,1591,2024-11-03,956.98
1016,407,2024-04-16,86.11
1017,958,2024-05-18,313.19
1018,1943,2024-08-14,97.7
1019,93,2024-06-11,567.07
1020,920,2024-09-24,991.39
1021,518,2025-03-05,494.84
1022,1968,2024-10-01,274.1
1023,1340,2024-07-19,146.19
1024,1624,2024-10-19,706.12
1025,768,2024-10-01,987.6
1026,859,2024-04-30,275.84
1027,176,2024-06-26,961.05
1028,962,2024-05-28,75.44
1029,1410,2024-08-21,794.09
1030,1608,2024-05-05,819.85
1031,641,2024-11-26,642.0
1032,99,2024-12-04,214.98
1033,1319,2024-03-30,697.99
1034,1813,2024-10-16,651.58
1035,1320,2024-07-26,188.83
1036,416,2024-11-18,874.6
1037,1300,2024-09-11,932.93
1038,256,2025-01-13,626.57
1039,1652,2025-02-14,379.57
1040,406,2025-01-29,30.01
1041,1506,2024-12-10,336.46
1042,293,2025-03-14,329.89
1043,1242,2025-01-07,117.87
1044,1131,2024-08-17,200.0
1045,20,2024-12-08,688.63
1046,117,2025-01-09,714.68
1047,1483,2024-04-05,910.42
1048,150,2025-01-09,352.59
1049,45,2025-02-27,743.05
1050,1217,2024-12-26,561.46
1051,1026,2025-03-07,64.37
1052,1992,2025-01-08,549.1
1053,1864,2024-04-03,226.92
1054,1464,2024-10-25,761.76
1055,1627,2024-05-30,164.07
1056,964,2024-09-06,657.49
1057,716,2024-08-07,792.97
1058,260,2025-01-04,881.54
1059,892,2024-07-24,312.97
1060,1999,2024-10-06,98.4
1061,958,2024-07-24,711.0
1062,1111,2024-11-12,500.17
1063,1523,2024-06-27,229.87
1064,501,2024-07-26,115.94
1065,1069,2025-02-23,183.33
1066,213,2024-06-01,199.31
1067,1308,2024-05-23,868.16
1068,1284,2024-11-19,466.83
1069,1642,2024-09-14,356.26
1070,594,2025-02-10,763.81
1071,1046,2025-01-20,184.36
1072,890,2024-05-27,172.52
1073,1630,2024-06-16,480.58
1074,1743,2024-12-20,492.18
1075,1775,2024-06-03,208.44
1076,93,2024-09-24,525.66
1077,94,2024-06-21,662.07
1078,1379,2024-07-29,121.88
1079,1028,2025-01-29,435.58
1080,1912,2024-10-07,877.62
1081,1110,2025-01-16,215.0
1082,1574,2024-09-11,527.9
1083,675,2024-05-26,363.85
1084,144,2024-04-29,544.5
1085,94,2024-08-28,373.19
1086,1803,2024-07-16,222.28
1087,1567,2024-12-28,710.23
1088,1397,2024-04-14,487.35
1089,1383,2024-10-02,933.35
1090,618,2024-11-21,608.04
1091,1617,2024-12-19,994.95
1092,374,2024-03-24,88.19
1093,1091,2024-11-11,49.24
1094,1442,2025-03-07,403.18
1095,593,2024-03-27,677.09
1096,416,2024-12-26,799.11
1097,1799,2024-10-03,615.51
1098,468,2025-01-29,922.18
1099,1573,2024-06-26,119.38
1100,1458,2024-12-31,931.68
1101,476,2024-10-31,981.05
1102,810,2024-06-21,762.76
1103,360,2024-06-07,881.95
1104,348,2025-02-17,401.6
1105,1890,2025-03-12,734.6
1106,1227,2024-06-15,619.62
1107,1272,2024-04-06,291.32
1108,1422,2024-09-29,872.88
1109,1181,2024-04-25,209.61
1110,1205,2024-09-12,953.06
1111,1584,2024-10-27,946.09
1112,276,2024-04-24,371.22
1113,1644,2025-01-17,786.27
1114,1912,2024-08-18,107.98
1115,1295,2024-06-26,922.06
1116,1182,2024-08-13,227.89
1117,1953,2024-08-28,346.13
1118,1345,2024-09-08,47.87
1119,1938,2025-01-23,132.32
1120,1849,2025-01-24,264.67
1121,1325,2025-01-18,25.39
1122,1089,2025-02-17,371.72
1123,164,2025-02-06,327.74
1124,157,2025-01-07,397.5
1125,1642,2025-01-26,152.34
1126,87,2024-09-18,350.96
1127,1249,2025-01-24,212.2
1128,1759,2024-10-27,66.98
1129,1609,2025-02-23,935.42
1130,1075,2024-03-27,523.61
1131,340,2025-01-11,963.47
1132,1953,2024-04-15,860.16
1133,1235,2025-02-14,341.86
1134,1101,2024-04-14,775.52
1135,381,2024-11-07,174.46
1136,370,2024-11-19,852.43
1137,538,2024-12-22,693.05
1138,1738,2024-03-24,355.91
1139,41,2025-02-01,379.98
1140,157,2024-08-14,659.09
1141,750,2024-06-08,937.52
1142,706,2024-08-16,978.29
1143,1122,2024-07-27,720.06
1144,1543,2024-06-06,475.4
1145,540,2024-12-02,576.76
1146,1489,2024-11-18,147.2
1147,855,2024-12-04,937.77
1148,1839,2024-12-18,263.1
1149,1912,2025-01-08,683.67
1150,1468,2024-06-01,573.17
1151,687,2024-04-27,448.82
1152,1357,2025-03-22,698.5
1153,1570,2024-07-04,453.34
1154,1251,2025-03-19,582.32
1155,1706,2025-02-22,806.58
1156,680,2024-06-03,584.76
1157,1921,2024-04-07,447.41
1158,1154,2024-06-22,945.3
1159,1776,2024-07-22,826.47
1160,1821,2024-10-06,572.37
1161,1059,2024-08-09,247.67
1162,1877,2024-08-21,291.27
1163,548,2024-11-03,764.72
1164,1307,2024-12-10,462.01
1165,942,2024-05-27,355.36
1166,167,2024-10-28,806.87
1167,1828,2024-11-29,755.53
1168,1238,2024-08-13,728.34
1169,1403,2024-11-15,171.9
1170,352,2024-09-21,557.98
1171,1221,2024-04-15,694.22
1172,113,2025-02-14,746.22
1173,1486,2024-10-28,958.65
1174,847,2024-10-17,692.54
1175,1791,2024-12-30,292.42
1176,974,2024-08-27,432.81
1177,183,2024-04-05,485.74
1178,1035,2024-12-04,84.19
1179,1960,2024-07-04,27.85
1180,451,2024-09-03,793.77
1181,1686,2024-09-15,307.61
1182,30,2024-10-28,821.19
1183,638,2025-03-14,220.94
1184,188,2024-05-17,660.71
1185,1794,2024-04-19,111.46
1186,325,2024-08-19,606.69
1187,302,2024-08-14,153.95
1188,1628,2024-09-14,310.54
1189,116,2024-07-30,626.38
1190,1225,2024-12-26,475.98
1191,1159,2024-07-04,250.11
1192,204,2024-05-03,905.2
1193,258,2024-07-06,98.75
1194,1281,2025-01-17,298.12
1195,1379,2024-11-02,154.64
1196,1226,2024-07-11,414.56
1197,1894,2024-12-25,387.61
1198,766,2024-12-06,35.93
1199,297,2024-05-19,571.88
1200,633,2024-08-10,409.2
1201,1839,2024-03-22,890.31
1202,1905,2025-01-24,224.92
1203,405,2024-05-13,731.57
1204,1443,2024-09-29,830.76
1205,1938,2024-12-09,958.87
1206,1658,2024-11-29,638.18
1207,1742,2024-08-12,54.02
1208,215,2025-02-15,950.75
1209,490,2024-03-31,140.0
1210,823,2024-05-04,992.98
1211,224,2024-03-28,197.56
1212,1393,2024-11-14,273.96
1213,990,2024-08-14,689.97
1214,344,2024-06-20,96.47
1215,1272,2024-07-18,733.89
1216,93,2024-11-11,780.08
1217,786,2024-04-29,274.75
1218,798,2024-04-30,181.86
1219,745,2024-07-04,454.29
1220,473,2024-09-15,302.07
1221,1758,2024-04-06,160.42
1222,244,2024-05-12,707.2
1223,140,2024-08-31,286.11
1224,462,2024-10-20,292.38
1225,1192,2024-03-27,126.68
1226,541,2025-02-13,48.23
1227,1113,2024-10-15,799.14
1228,488,2025-01-09,585.57
1229,1544,2024-10-14,314.48
1230,1442,2025-01-08,559.19
1231,1607,2024-05-29,251.03
1232,1864,2024-09-08,243.53
1233,1359,2024-09-22,41.31
1234,1944,2024-12-16,241.12
1235,453,2024-09-28,938.05
1236,1429,2025-01-25,830.49
1237,610,2024-04-29,668.35
1238,600,2024-08-06,261.02
1239,372,2024-06-06,826.58
1240,1803,2024-06-10,61.66
1241,1569,2024-11-28,656.42
1242,1969,2024-05-04,807.74
1243,1643,2025-01-26,800.5
1244,1024,2024-12-27,882.44
1245,1016,2024-10-17,844.88
1246,1063,2024-08-05,840.93
1247,1853,2025-02-20,116.69
1248,709,2025-02-05,560.3
1249,1466,2024-04-21,967.47
1250,538,2024-08-13,246.44
1251,1196,2024-11-06,466.1
1252,605,2024-10-08,167.88
1253,1214,2024-04-03,770.11
1254,962,2024-11-08,230.91
1255,1440,2024-05-20,211.51
1256,823,2025-02-26,926.76
1257,828,2025-01-25,887.46
1258,234,2025-02-21,706.24
1259,52,2024-09-11,156.87
1260,350,2024-09-17,317.83
1261,1355,2024-12-11,284.22
1262,1931,2024-05-15,432.03
1263,918,2025-03-06,451.63
1264,330,2025-03-04,728.55
1265,92,2024-08-19,741.31
1266,8,2024-07-17,72.96
1267,1619,2025-01-24,239.4
1268,302,2024-12-02,105.16
1269,1263,2024-06-30,390.16
1270,1707,2025-02-21,52.61
1271,1356,2025-02-23,617.58
1272,401,2024-11-01,576.91
1273,1695,2025-01-30,193.49
1274,642,2024-05-08,979.98
1275,187,2024-11-14,880.74
1276,1756,2024-10-18,134.44
1277,760,2024-11-06,626.08
1278,359,2024-11-02,288.26
1279,1481,2024-07-24,751.93
1280,56,2024-12-08,609.19
1281,590,2024-12-11,777.78
1282,596,2024-07-04,872.11
1283,1164,2024-11-08,852.98
1284,1742,2024-11-07,354.45
1285,1909,2024-10-20,328.69
1286,1207,2025-03-22,67.56
1287,212,2024-05-15,67.53
1288,1523,2024-12-07,625.37
1289,1929,2024-09-19,278.46
1290,1293,2024-10-25,97.03
1291,1376,2024-08-17,251.52
1292,1149,2024-04-10,449.07
1293,1590,2024-10-15,27.79
1294,1518,2024-09-18,730.81
1295,351,2024-03-27,835.32
1296,438,2024-09-12,691.0
1297,1364,2024-11-02,858.82
1298,374,2024-07-31,806.39
1299,1148,2024-10-29,106.92
1300,107,2024-08-31,575.31
1301,879,2024-11-20,651.78
1302,1484,2024-07-11,43.34
1303,905,2024-09-03,845.59
1304,589,2024-06-07,425.02
1305,779,2024-05-31,630.92
1306,1736,2024-12-12,748.38
1307,814,2024-10-04,923.57
1308,311,2024-08-30,912.62
1309,718,2024-04-12,623.48
1310,1957,2024-09-05,764.37
1311,266,2025-01-02,667.93
1312,179,2024-09-12,384.12
1313,129,2024-11-09,416.87
1314,1114,2025-03-15,919.85
1315,915,2024-04-19,115.55
1316,82,2025-03-01,533.89
1317,396,2024-08-12,818.49
1318,653,2024-10-14,834.72
1319,508,2024-12-09,304.57
1320,106,2024-10-31,547.98
1321,934,2025-01-02,397.61
1322,583,2024-04-21,543.83
1323,565,2025-01-23,98.16
1324,1307,2024-12-04,126.05
1325,1733,2024-05-11,484.6
1326,1135,2024-03-23,924.11
1327,393,2024-09-21,546.35
1328,1266,2024-04-05,823.65
1329,46,2024-10-14,968.87
1330,1946,2024-09-23,114.07
1331,1915,2024-09-02,322.43
1332,716,2024-06-08,732.77
1333,216,2025-01-05,165.54
1334,572,2024-05-26,403.98
1335,1846,2024-12-31,699.65
1336,513,2024-10-13,820.59
1337,300,2024-05-10,853.91
1338,773,2024-11-19,901.27
1339,1798,2024-06-21,60.94
1340,1778,2024-11-05,103.1
1341,69,2024-05-12,608.21
1342,333,2024-04-10,100.37
1343,1140,2024-05-29,864.05
1344,1783,2024-07-20,376.79
1345,1331,2024-10-15,268.13
1346,973,2024-07-08,754.66
1347,1716,2024-09-24,943.64
1348,491,2024-04-09,948.02
1349,1922,2024-07-14,222.5
1350,830,2024-06-05,469.86
1351,365,2024-11-09,612.4
1352,1465,2024-10-01,641.34
1353,1663,2024-11-18,427.35
1354,193,2025-02-10,745.36
1355,133,2024-09-20,36.64
1356,1634,2024-10-06,588.52
1357,809,2025-02-11,319.17
1358,141,2024-12-19,155.78
1359,464,2024-12-29,63.28
1360,565,2025-01-30,258.2
1361,399,2024-10-14,655.43
1362,961,2024-07-03,989.12
1363,1903,2024-12-22,994.62
1364,202,2024-08-08,885.13
1365,1857,2024-11-11,848.15
1366,1501,2024-03-28,792.89
1367,208,2024-06-23,256.14
1368,1771,2024-12-14,884.55
1369,819,2024-09-15,330.32
1370,668,2024-11-24,58.65
1371,773,2024-10-13,785.27
1372,1707,2024-11-27,399.97
1373,744,2024-05-05,569.14
1374,395,2024-11-20,322.49
1375,151,2024-12-10,864.56
1376,386,2024-04-28,296.6
1377,1136,2024-07-10,446.71
1378,1094,2024-10-30,69.56
1379,590,2024-07-13,984.42
1380,1766,2024-06-01,639.8
1381,1304,2024-07-13,808.11
1382,889,2024-10-22,151.88
1383,411,2024-10-20,89.38
1384,316,2024-08-09,768.49
1385,1497,2024-07-10,999.73
1386,1128,2024-05-24,853.34
1387,1652,2025-02-06,577.06
1388,494,2025-03-21,481.91
1389,30,2024-08-19,968.89
1390,338,2024-12-14,573.35
1391,1078,2024-07-29,891.25
1392,1400,2025-02-09,870.17
1393,1594,2024-03-27,934.18
1394,436,2025-02-14,76.2
1395,409,2024-12-18,856.85
1396,53,2025-03-13,22.7
1397,1791,2025-02-07,277.82
1398,1001,2025-01-26,134.9
1399,298,2025-01-10,105.97
1400,747,2024-09-24,155.03
1401,1697,2025-01-05,577.96
1402,679,2024-04-25,412.85
1403,1932,2024-05-23,195.16
1404,1164,2024-11-30,602.59
1405,1076,2025-02-14,509.49
1406,596,2024-08-06,634.46
1407,931,2024-04-08,673.38
1408,1003,2024-06-03,765.59
1409,1767,2024-05-16,932.88
1410,1260,2025-01-14,312.17
1411,151,2024-09-03,839.26
1412,511,2024-11-16,956.35
1413,1455,2024-04-04,478.52
1414,1103,2024-04-04,837.39
1415,1389,2024-11-16,777.69
1416,1585,2024-11-02,338.6
1417,268,2024-11-18,638.68
1418,1763,2024-11-16,42.93
1419,237,2024-06-25,626.95
1420,409,2024-06-27,23.83
1421,1322,2024-11-11,774.91
1422,330,2024-10-19,70.12
1423,937,2024-06-19,459.52
1424,693,2025-03-13,52.65
1425,1467,2024-09-01,804.99
1426,862,2024-12-03,512.64
1427,718,2024-06-06,468.67
1428,1985,2024-07-12,153.07
1429,754,2024-05-13,376.53
1430,631,2024-09-05,715.39
1431,1663,2024-06-03,621.05
1432,1415,2024-07-16,752.12
1433,1469,2024-12-24,84.41
1434,716,2024-05-02,222.81
1435,1673,2024-06-20,617.8
1436,354,2024-11-27,529.43
1437,1145,2024-11-08,103.69
1438,1008,2024-07-25,40.54
1439,564,2024-07-17,258.62
1440,778,2024-11-09,681.07
1441,1621,2024-12-23,561.54
1442,577,2024-11-13,443.6
1443,58,2024-09-26,721.52
1444,584,2024-08-15,776.82
1445,1800,2024-07-18,841.42
1446,841,2024-11-04,823.54
1447,1418,2025-02-12,470.29
1448,1003,2024-04-17,470.41
1449,1126,2024-09-22,903.48
1450,781,2024-09-04,107.41
1451,513,2024-08-17,731.59
1452,934,2024-12-29,835.18
1453,1814,2024-03-23,897.49
1454,807,2024-05-29,306.12
1455,1834,2024-04-01,106.37
1456,530,2024-12-23,750.56
1457,530,2024-04-09,283.53
1458,1386,2024-11-07,71.4
1459,955,2024-11-30,473.28
1460,267,2025-01-04,689.27
1461,1053,2024-07-27,977.65
1462,298,2024-10-26,499.88
1463,309,2024-10-29,661.09
1464,891,2025-01-11,713.71
1465,1905,2025-02-08,899.51
1466,659,2024-08-27,125.9
1467,284,2025-03-10,797.4
1468,1176,2024-12-10,23.78
1469,1332,2024-12-06,139.21
1470,865,2024-10-28,816.88
1471,1,2024-08-14,851.38
1472,1708,2025-02-02,857.5
1473,1655,2024-05-28,101.91
1474,287,2025-03-15,21.08
1475,645,2024-05-13,573.48
1476,198,2024-07-29,352.2
1477,500,2024-05-31,98.45
1478,1245,2024-10-18,584.31
1479,1951,2024-11-05,550.79
1480,1468,2024-06-10,414.98
1481,866,2025-01-10,529.64
1482,1355,2024-05-04,86.23
1483,681,2024-12-01,638.64
1484,1071,2025-02-20,756.09
1485,714,2024-04-02,852.92
1486,1201,2024-11-12,192.71
1487,533,2024-04-24,422.32
1488,1191,2024-07-04,513.65
1489,326,2025-02-14,60.34
1490,1049,2024-08-30,859.75
1491,743,2024-12-20,995.58
1492,1337,2025-02-25,545.11
1493,1470,2024-05-17,999.82
1494,1013,2025-01-04,694.35
1495,138,2024-08-28,723.43
1496,1366,2024-07-11,651.49
1497,1290,2024-04-18,567.14
1498,481,2024-09-11,42.47
1499,420,2024-05-18,425.25
1500,846,2024-09-06,148.18
1501,1099,2024-12-24,140.51
1502,1943,2024-10-11,183.42
1503,1111,2024-10-22,846.15
1504,1252,2025-01-01,279.69
1505,1917,2025-01-07,309.56
1506,1613,2024-04-25,813.01
1507,342,2024-09-25,63.76
1508,1906,2025-03-03,649.29
1509,1435,2024-12-11,769.11
1510,1806,2024-07-28,117.51
1511,440,2024-09-17,134.37
1512,965,2024-08-11,952.03
1513,719,2025-01-03,517.73
1514,839,2024-07-31,68.24
1515,197,2024-06-11,568.08
1516,1914,2024-10-04,269.47
1517,448,2024-11-12,554.82
1518,1032,2024-07-03,297.36
1519,859,2024-05-11,993.49
1520,1068,2024-08-29,463.32
1521,143,2024-11-02,941.6
1522,654,2024-10-03,24.2
1523,759,2024-08-23,180.4
1524,1419,2024-09-10,232.17
1525,237,2024-08-29,233.48
1526,178,2025-02-20,827.0
1527,1452,2025-03-05,536.51
1528,431,2024-12-13,176.35
1529,1234,2024-03-29,110.21
1530,686,2024-11-12,245.21
1531,115,2024-04-22,748.1
1532,379,2024-12-07,46.78
1533,1543,2024-06-16,25.06
1534,939,2024-04-09,896.42
1535,851,2024-05-04,270.01
1536,663,2024-07-02,227.79
1537,429,2024-05-29,458.51
1538,944,2024-03-22,766.82
1539,1538,2025-03-18,499.69
1540,1584,2024-07-24,91.75
1541,768,2025-01-26,34.11
1542,1351,2024-08-28,170.58
1543,532,2024-07-03,472.22
1544,1574,2024-06-30,530.64
1545,118,2024-09-09,749.49
1546,758,2024-05-12,614.35
1547,1637,2024-06-22,386.58
1548,587,2024-09-23,61.22
1549,111,2025-03-08,717.66
1550,938,2024-12-10,870.25
1551,1587,2024-11-14,952.23
1552,93,2024-05-05,153.31
1553,1051,2024-08-16,458.43
1554,1559,2024-06-09,861.4
1555,1417,2024-05-20,24.94
1556,1301,2025-02-28,413.69
1557,1530,2024-09-17,349.37
1558,534,2025-02-08,61.0
1559,517,2024-11-30,251.37
1560,1795,2025-02-16,951.9
1561,871,2025-03-03,69.7
1562,988,2024-06-29,219.43
1563,591,2024-06-12,809.83
1564,180,2024-09-01,401.47
1565,1112,2025-02-08,324.21
1566,1652,2024-05-15,148.69
1567,1244,2024-05-29,309.72
1568,1746,2024-10-30,631.07
1569,186,2025-02-14,110.16
1570,1020,2024-05-07,93.11
1571,240,2024-11-18,737.03
1572,61,2024-12-03,747.68
1573,193,2024-09-28,651.71
1574,1908,2024-10-29,588.43
1575,1751,2024-07-17,596.12
1576,562,2024-04-06,985.35
1577,1134,2024-12-08,432.75
1578,1429,2025-01-01,67.23
1579,114,2024-03-29,372.0
1580,1164,2024-08-25,630.76
1581,1228,2024-04-30,45.77
1582,1177,2024-04-29,994.25
1583,1804,2024-12-06,390.78
1584,1173,2024-05-23,415.45
1585,1827,2024-04-05,180.23
1586,1959,2024-12-08,572.2
1587,958,2024-10-29,429.37
1588,670,2024-05-23,879.25
1589,740,2024-07-11,341.87
1590,1955,2024-04-24,394.56
1591,533,2024-11-05,262.67
1592,1685,2024-04-01,173.4
1593,938,2024-03-31,698.11
1594,1031,2024-09-13,442.38
1595,881,2024-12-16,429.79
1596,1169,2024-05-29,547.87
1597,732,2025-01-14,851.41
1598,49,2024-12-21,269.38
1599,1984,2024-08-19,209.38
1600,1945,2024-07-25,974.15
1601,866,2024-06-22,78.61
1602,855,2024-05-23,308.85
1603,1173,2024-09-10,530.28
1604,1119,2024-09-15,279.72
1605,893,2024-04-19,149.43
1606,1226,2024-04-01,301.05
1607,184,2025-03-03,752.44
1608,1383,2024-07-15,124.34
1609,1767,2024-09-11,409.81
1610,428,2024-04-16,876.25
1611,1053,2025-02-19,460.1
1612,1909,2024-10-12,161.08
1613,384,2024-11-12,990.17
1614,1019,2025-01-27,794.87
1615,1441,2025-01-20,534.59
1616,1982,2024-09-06,541.87
1617,991,2024-04-03,482.29
1618,711,2024-04-02,922.56
1619,1446,2024-09-28,990.66
1620,1635,2025-03-21,532.56
1621,1240,2024-12-27,567.66
1622,1857,2025-03-01,907.67
1623,78,2024-12-26,202.77
1624,1242,2024-09-29,51.92
1625,285,2024-06-15,82.14
1626,26,2025-03-11,517.54
1627,825,2024-05-04,807.35
1628,1175,2024-10-01,358.92
1629,545,2024-12-01,287.74
1630,64,2024-09-02,831.02
1631,954,2025-02-16,82.69
1632,1941,2024-07-25,438.24
1633,1146,2025-01-10,726.78
1634,1199,2025-03-20,230.49
1635,361,2024-09-12,722.9
1636,1139,2024-07-29,565.23
1637,728,2024-04-11,600.13
1638,1962,2025-03-21,451.52
1639,975,2024-03-24,115.28
1640,874,2024-05-27,756.08
1641,588,2025-01-29,405.91
1642,1064,2024-11-01,336.04
1643,1529,2024-03-29,531.25
1644,1661,2024-09-10,123.19
1645,774,2024-10-22,329.55
1646,1331,2024-10-26,706.26
1647,402,2024-05-13,178.42
1648,173,2025-01-27,427.62
1649,1128,2024-08-11,335.41
1650,539,2025-02-05,770.32
1651,690,2024-07-04,789.15
1652,652,2025-02-19,878.23
1653,1112,2024-12-16,221.77
1654,895,2024-10-17,540.37
1655,1710,2024-06-13,26.15
1656,1052,2024-11-16,239.9
1657,601,2025-02-16,59.31
1658,1492,2024-09-24,455.5
1659,1922,2024-11-13,227.71
1660,481,2024-06-01,816.87
1661,410,2025-03-20,332.82
1662,905,2024-11-17,600.41
1663,1376,2024-07-26,487.2
1664,440,2024-07-22,241.18
1665,714,2024-10-27,936.57
1666,312,2024-10-20,96.23
1667,1416,2024-05-25,570.39
1668,1184,2024-06-07,518.4
1669,211,2025-03-20,557.64
1670,1824,2024-08-30,465.36
1671,1705,2024-06-20,631.66
1672,99,2024-11-10,50.9
1673,204,2024-11-08,211.64
1674,1966,2024-09-23,815.06
1675,1381,2025-03-09,619.94
1676,436,2024-05-23,924.94
1677,492,2024-04-18,908.24
1678,805,2024-07-02,717.2
1679,723,2024-05-03,153.62
1680,1925,2025-03-05,774.14
1681,202,2024-04-14,614.88
1682,1981,2024-06-19,62.89
1683,655,2025-02-18,53.28
1684,1747,2024-11-04,90.4
1685,952,2024-11-15,994.68
1686,805,2024-10-26,224.64
1687,612,2024-05-26,31.04
1688,1671,2025-03-14,306.06
1689,1353,2025-02-05,432.59
1690,1785,2024-04-08,324.87
1691,1788,2025-03-03,699.54
1692,1210,2024-07-09,563.57
1693,1895,2025-03-22,397.32
1694,199,2024-06-28,844.37
1695,1241,2025-02-05,352.21
1696,537,2024-12-12,378.22
1697,123,2024-11-19,855.55
1698,745,2024-08-05,664.35
1699,62,2024-08-30,461.63
1700,1359,2024-07-26,762.43
1701,655,2024-09-11,195.42
1702,1590,2024-12-31,324.73
1703,755,2024-10-12,979.96
1704,796,2024-07-24,347.45
1705,972,2024-04-05,681.73
1706,421,2024-09-01,517.64
1707,1855,2025-03-13,84.15
1708,464,2024-11-14,318.11
1709,966,2025-01-16,843.47
1710,1388,2024-07-25,771.94
1711,615,2024-10-15,409.38
1712,210,2024-12-04,338.68
1713,469,2024-07-20,171.9
1714,1700,2025-02-01,705.05
1715,447,2024-09-19,533.79
1716,1702,2024-06-21,575.01
1717,184,2024-04-02,772.22
1718,944,2024-03-29,138.33
1719,1201,2024-10-01,993.87
1720,1985,2024-04-04,816.35
1721,212,2024-05-12,197.13
1722,1373,2024-07-13,695.31
1723,1938,2024-07-07,552.91
1724,2,2024-10-06,966.25
1725,494,2025-01-27,841.05
1726,1558,2024-11-10,105.64
1727,1355,2024-04-11,955.11
1728,980,2024-05-22,711.92
1729,152,2024-05-01,992.8
1730,1985,2024-04-13,657.49
1731,1931,2024-11-12,456.74
1732,1336,2024-09-28,690.72
1733,1082,2025-01-03,915.25
1734,1843,2024-12-18,214.49
1735,1570,2025-01-14,869.28
1736,340,2024-07-05,864.42
1737,532,2024-04-19,950.3
1738,1617,2024-07-28,166.96
1739,288,2024-04-04,307.87
1740,1611,2024-09-18,863.11
1741,912,2024-03-23,150.36
1742,1711,2024-08-14,217.11
1743,1524,2024-08-26,751.21
1744,147,2024-05-11,960.4
1745,695,2024-11-11,977.97
1746,1256,2024-10-14,726.96
1747,182,2025-01-16,85.51
1748,894,2024-04-27,486.97
1749,993,2024-07-05,899.91
1750,906,2025-02-13,944.14
1751,1173,2024-10-08,461.4
1752,1360,2024-07-14,610.13
1753,110,2024-12-09,775.29
1754,97,2024-04-21,866.1
1755,1109,2025-02-23,472.68
1756,88,2024-10-22,705.64
1757,892,2024-10-04,330.3
1758,1089,2024-04-01,957.81
1759,1895,2024-04-03,421.19
1760,1985,2025-01-29,998.05
1761,1530,2024-05-08,252.29
1762,1995,2024-06-15,421.33
1763,196,2025-02-17,470.18
1764,909,2025-03-14,390.26
1765,510,2024-06-29,747.78
1766,1693,2025-01-18,262.95
1767,1537,2025-01-31,81.27
1768,1948,2025-03-17,303.22
1769,796,2024-06-28,103.29
1770,1229,2024-05-19,103.12
1771,1753,2025-03-20,571.72
1772,238,2024-08-27,589.54
1773,487,2025-03-04,45.32
1774,105,2024-07-27,302.2
1775,1698,2024-07-08,657.05
1776,579,2024-04-08,265.56
1777,673,2024-12-27,147.41
1778,328,2024-03-23,114.61
1779,1342,2024-07-23,993.06
1780,1655,2024-08-06,234.58
1781,1437,2024-05-11,283.81
1782,88,2025-03-02,721.09
1783,549,2024-06-27,375.18
1784,785,2024-09-01,439.26
1785,1920,2024-09-08,165.16
1786,1055,2024-04-04,366.22
1787,1451,2025-02-15,659.18
1788,1496,2024-12-17,798.53
1789,918,2024-05-16,291.64
1790,1800,2024-11-01,479.09
1791,1458,2024-11-19,870.94
1792,1296,2025-02-06,200.51
1793,1310,2024-11-06,992.36
1794,759,2024-10-09,222.93
1795,1166,2024-10-27,588.64
1796,218,2024-09-24,236.51
1797,961,2024-11-05,280.85
1798,1830,2025-02-23,38.44
1799,831,2024-07-04,791.51
1800,1405,2025-02-09,508.23
1801,1954,2024-04-20,936.9
1802,1802,2024-04-07,52.73
1803,192,2025-03-08,31.29
1804,654,2024-05-29,270.98
1805,72,2025-03-16,279.98
1806,686,2024-04-13,206.54
1807,1137,2024-03-31,218.69
1808,931,2024-05-12,814.93
1809,1335,2024-11-01,811.88
1810,482,2024-06-25,835.96
1811,1969,2025-01-08,724.74
1812,1047,2025-01-01,944.02
1813,868,2024-09-12,683.58
1814,637,2024-05-24,45.56
1815,390,2025-01-25,271.88
1816,685,2024-06-23,687.63
1817,1044,2025-03-15,572.14
1818,1186,2024-04-28,879.63
1819,1196,2024-11-05,712.82
1820,248,2025-03-19,786.34
1821,1593,2024-11-27,292.35
1822,486,2024-07-24,523.82
1823,173,2025-01-27,349.82
1824,489,2024-04-16,304.07
1825,1775,2024-10-01,84.52
1826,1872,2024-08-23,605.07
1827,749,2024-12-09,26.71
1828,1287,2024-04-08,328.3
1829,1191,2024-07-29,837.14
1830,720,2024-07-06,339.32
1831,1479,2024-06-15,667.27
1832,1495,2024-09-21,292.83
1833,1337,2024-10-01,736.13
1834,586,2024-06-24,573.93
1835,1201,2024-07-05,724.36
1836,402,2025-03-06,672.53
1837,477,2024-07-05,56.04
1838,12,2024-11-23,189.85
1839,1787,2024-08-04,885.41
1840,46,2025-02-26,272.64
1841,1293,2024-04-26,922.82
1842,1076,2025-02-11,102.27
1843,1607,2024-08-31,970.6
1844,1694,2024-04-01,494.04
1845,1000,2025-01-16,934.89
1846,135,2025-02-26,496.36
1847,1922,2024-09-29,845.95
1848,1499,2024-05-17,994.41
1849,58,2024-06-23,732.38
1850,1808,2024-08-03,930.11
1851,337,2024-08-23,998.35
1852,1562,2024-07-09,761.46
1853,931,2024-11-08,987.32
1854,1129,2024-05-17,992.63
1855,1887,2024-05-18,449.42
1856,1410,2024-11-19,423.46
1857,1534,2024-12-29,220.62
1858,942,2024-05-13,789.03
1859,1017,2024-07-18,903.65
1860,1063,2024-04-09,233.01
1861,1589,2025-01-31,695.42
1862,950,2024-04-20,883.65
1863,74,2025-01-19,463.38
1864,833,2024-12-12,320.6
1865,1044,2024-12-13,321.69
1866,1605,2024-04-08,595.93
1867,612,2025-02-03,144.67
1868,676,2024-08-14,93.78
1869,1351,2024-05-18,982.12
1870,1281,2024-05-09,454.56
1871,1053,2025-02-11,892.84
1872,1605,2024-11-03,245.22
1873,1208,2024-07-14,717.5
1874,1707,2025-01-01,56.15
1875,1437,2025-01-15,577.44
1876,1710,2025-02-02,590.44
1877,1289,2024-07-20,606.35
1878,1351,2024-07-18,880.61
1879,1200,2024-04-13,290.91
1880,1296,2024-09-18,181.5
1881,1910,2025-03-02,710.96
1882,1499,2024-12-05,25.42
1883,1154,2024-05-27,116.08
1884,1779,2024-11-26,282.56
1885,415,2024-05-04,71.83
1886,1776,2024-08-03,615.47
1887,1228,2024-07-12,673.21
1888,1349,2024-07-26,347.89
1889,805,2024-07-12,146.14
1890,1355,2024-10-25,572.3
1891,756,2025-03-02,188.56
1892,18,2025-03-17,489.3
1893,1343,2024-06-01,218.66
1894,1395,2024-06-23,602.36
1895,1545,2024-10-19,241.27
1896,1615,2024-12-22,534.74
1897,43,2024-04-21,187.88
1898,1065,2024-11-22,51.05
1899,988,2024-12-14,996.55
1900,164,2024-11-01,63.83
1901,167,2024-04-19,386.88
1902,1116,2025-02-23,808.8
1903,256,2024-03-22,205.03
1904,1653,2024-07-19,521.27
1905,1182,2024-10-08,62.37
1906,1531,2024-11-30,901.19
1907,1784,2024-09-03,325.04
1908,80,2024-12-15,57.07
1909,1758,2024-11-17,562.09
1910,1621,2025-01-28,476.05
1911,1286,2024-08-04,289.62
1912,1465,2024-07-02,448.99
1913,526,2024-09-29,325.89
1914,1866,2024-03-23,655.26
1915,1360,2024-09-20,575.33
1916,1644,2024-06-07,217.14
1917,690,2024-12-03,570.12
1918,408,2025-03-16,112.23
1919,1308,2024-06-27,355.71
1920,487,2024-06-24,284.89
1921,1735,2025-02-15,250.34
1922,1836,2025-03-18,125.09
1923,1659,2024-06-30,597.14
1924,1959,2024-08-11,814.62
1925,1360,2024-11-07,298.74
1926,1810,2024-07-26,589.29
1927,1289,2024-05-22,748.24
1928,113,2024-08-29,689.23
1929,980,2024-06-12,353.02
1930,395,2024-07-15,844.71
1931,65,2025-02-10,803.38
1932,735,2024-05-23,31.15
1933,1642,2024-10-11,248.0
1934,1032,2024-10-29,518.45
1935,1124,2024-04-13,508.82
1936,184,2024-08-24,445.3
1937,1031,2024-10-03,689.67
1938,1308,2024-09-19,775.88
1939,54,2024-12-04,197.29
1940,661,2025-02-17,140.87
1941,1093,2024-12-14,968.76
1942,1109,2024-12-08,502.95
1943,364,2024-09-21,830.87
1944,877,2024-10-22,767.66
1945,1823,2024-11-21,378.51
1946,1250,2025-02-15,617.71
1947,1777,2024-06-08,813.27
1948,1575,2025-02-21,383.44
1949,1203,2025-01-20,719.84
1950,1120,2024-04-18,180.08
1951,1770,2025-02-26,592.93
1952,399,2024-10-31,32.5
1953,1356,2024-06-16,765.88
1954,873,2024-11-28,170.76
1955,1549,2025-01-13,696.81
1956,632,2025-01-19,472.16
1957,1300,2024-12-17,666.52
1958,586,2024-04-13,690.28
1959,1595,2024-04-17,101.37
1960,1583,2024-04-06,868.81
1961,771,2024-09-25,249.9
1962,717,2024-04-22,684.17
1963,128,2024-04-09,712.05
1964,849,2024-06-16,512.96
1965,360,2024-05-23,699.6
1966,1803,2024-04-09,573.84
1967,667,2024-10-31,565.32
1968,1660,2024-05-31,653.09
1969,357,2024-07-18,965.65
1970,948,2025-02-08,838.75
1971,404,2025-01-29,227.64
1972,178,2024-10-28,651.61
1973,950,2024-10-24,813.18
1974,338,2024-12-21,325.97
1975,1177,2024-05-16,216.01
1976,1481,2025-01-11,611.34
1977,1924,2024-07-15,823.37
1978,1626,2024-08-11,896.38
1979,1637,2024-03-27,83.04
1980,1843,2024-07-18,108.1
1981,782,2024-09-14,918.0
1982,756,2024-12-06,909.54
1983,1639,2024-09-20,692.17
1984,734,2025-02-11,651.0
1985,1000,2024-10-18,673.65
1986,1385,2024-07-12,559.12
1987,567,2024-12-30,886.09
1988,1576,2024-08-08,596.03
1989,1124,2024-09-17,256.7
1990,2000,2024-10-23,268.51
1991,131,2024-07-21,831.32
1992,940,2025-03-22,864.91
1993,1641,2024-11-03,705.4
1994,1859,2025-02-08,773.77
1995,1737,2024-08-14,425.83
1996,1123,2025-03-21,818.72
1997,1435,2024-10-12,873.78
1998,1880,2024-08-14,65.17
1999,311,2024-04-14,192.6
2000,494,2024-04-24,465.04
2001,1152,2024-06-08,553.03
2002,1265,2024-06-15,269.21
2003,660,2024-12-08,272.6
2004,601,2024-05-06,618.9
2005,1974,2024-12-22,380.44
2006,754,2025-02-11,793.3
2007,1616,2024-06-15,887.01
2008,630,2024-07-12,316.24
2009,1991,2025-03-01,906.39
2010,1147,2025-01-23,258.06
2011,552,2024-08-12,407.79
2012,1522,2024-06-15,329.46
2013,632,2024-09-22,399.95
2014,1733,2024-05-05,930.01
2015,1613,2024-03-26,139.87
2016,1064,2024-10-28,119.46
2017,1594,2024-10-02,833.66
2018,701,2025-03-17,713.7
2019,1381,2024-12-16,582.98
2020,1709,2025-03-12,555.49
2021,205,2025-02-17,946.53
2022,634,2025-01-26,404.84
2023,702,2024-11-29,918.53
2024,1749,2024-05-08,652.15
2025,415,2024-05-27,805.99
2026,1896,2025-03-15,847.83
2027,339,2024-09-18,89.63
2028,409,2024-12-30,469.02
2029,504,2025-01-12,978.75
2030,1762,2024-07-21,468.6
2031,987,2024-09-11,979.2
2032,106,2025-01-17,595.03
2033,1374,2024-06-17,40.91
2034,801,2024-06-02,463.78
2035,36,2024-08-15,238.62
2036,1790,2024-10-18,106.06
2037,1332,2024-11-06,197.02
2038,510,2025-01-15,266.64
2039,339,2024-07-31,184.07
2040,499,2025-01-02,179.1
2041,272,2024-06-29,302.11
2042,411,2025-01-25,318.84
2043,1795,2024-05-21,300.55
2044,1998,2024-04-12,65.99
2045,1030,2024-06-04,571.94
2046,1376,2024-04-24,476.2
2047,1124,2024-11-02,100.84
2048,1069,2024-09-07,600.58
2049,1865,2024-08-04,832.87
2050,432,2024-04-12,319.15
2051,1533,2024-09-07,771.26
2052,458,2025-01-09,58.79
2053,1252,2025-03-06,750.42
2054,1310,2024-08-26,125.52
2055,1130,2024-12-01,209.85
2056,955,2024-07-28,504.41
2057,273,2024-07-24,672.83
2058,1555,2024-05-14,403.53
2059,94,2024-08-07,324.72
2060,211,2024-08-12,681.27
2061,1169,2024-12-27,305.71
2062,1996,2025-03-19,404.74
2063,1961,2024-03-28,691.52
2064,319,2025-02-23,571.99
2065,597,2024-06-21,445.01
2066,1644,2025-01-13,611.76
2067,1406,2024-11-23,490.93
2068,1870,2024-05-02,581.43
2069,502,2024-10-05,870.32
2070,947,2025-02-11,422.12
2071,976,2025-02-20,560.47
2072,1140,2024-05-08,575.04
2073,1100,2024-10-14,283.47
2074,214,2025-01-31,123.55
2075,45,2024-09-13,302.55
2076,771,2025-01-22,901.8
2077,874,2024-05-18,74.33
2078,1563,2024-07-28,86.26
2079,751,2024-09-26,312.83
2080,1276,2024-05-23,951.43
2081,1463,2024-12-21,509.31
2082,4,2025-02-02,174.19
2083,1608,2024-03-23,42.66
2084,1691,2024-06-05,978.65
2085,1400,2024-03-31,490.66
2086,1942,2025-01-24,850.47
2087,1780,2024-11-07,257.95
2088,1321,2024-11-26,944.78
2089,1279,2024-04-08,336.19
2090,1321,2024-10-05,207.07
2091,1045,2024-04-12,283.12
2092,885,2024-07-16,630.24
2093,1823,2025-02-09,867.6
2094,1532,2024-09-13,307.28
2095,1305,2024-05-01,44.92
2096,272,2024-06-05,192.68
2097,1678,2024-07-13,960.3
2098,1808,2024-05-08,175.02
2099,978,2024-12-11,816.48
2100,1026,2024-04-06,276.26
2101,575,2024-05-22,917.54
2102,1016,2024-11-06,992.1
2103,243,2024-11-22,695.14
2104,1,2025-01-09,619.82
2105,1561,2024-10-25,250.49
2106,863,2024-03-25,562.29
2107,1591,2024-11-30,761.84
2108,1860,2024-11-17,646.67
2109,1360,2024-05-05,503.32
2110,1392,2024-06-09,845.71
2111,1520,2024-11-02,94.92
2112,406,2024-06-19,350.6
2113,1103,2025-02-27,398.83
2114,856,2024-04-29,459.85
2115,1643,2024-04-09,29.19
2116,844,2024-05-14,155.58
2117,536,2024-11-18,198.99
2118,363,2025-02-27,276.52
2119,1094,2024-07-06,638.18
2120,1687,2025-01-24,654.07
2121,1032,2024-11-25,356.76
2122,1124,2024-03-22,150.24
2123,1660,2024-12-06,160.78
2124,989,2025-02-06,447.69
2125,1817,2024-07-30,940.45
2126,1491,2024-09-01,476.06
2127,89,2024-04-18,47.0
2128,1958,2025-02-08,461.81
2129,409,2024-04-07,381.52
2130,501,2024-07-08,375.14
2131,1369,2024-10-30,218.29
2132,1161,2024-08-11,410.64
2133,1906,2024-09-08,559.15
2134,654,2025-03-18,391.71
2135,1279,2024-12-02,392.01
2136,1459,2024-10-07,877.28
2137,956,2024-04-07,785.27
2138,172,2024-06-28,731.8
2139,1261,2024-07-20,547.75
2140,918,2025-02-23,311.99
2141,1575,2024-06-06,118.81
2142,161,2024-05-31,915.69
2143,1208,2024-05-09,961.83
2144,311,2025-02-06,809.22
2145,1068,2024-12-08,213.46
2146,1943,2024-11-13,219.75
2147,1778,2024-07-12,947.44
2148,741,2024-09-28,668.85
2149,1874,2025-01-19,46.36
2150,1536,2024-08-20,807.02
2151,410,2025-03-07,218.43
2152,675,2024-03-25,975.55
2153,423,2024-07-15,431.78
2154,1850,2024-05-01,224.19
2155,1788,2024-11-27,385.54
2156,114,2025-01-01,169.68
2157,1417,2024-05-12,168.63
2158,1681,2024-11-06,988.71
2159,1481,2025-03-18,325.87
2160,1917,2025-01-28,75.36
2161,1587,2024-08-05,390.2
2162,185,2024-09-28,726.88
2163,559,2024-05-18,655.99
2164,341,2024-06-14,523.64
2165,1904,2025-01-25,281.37
2166,940,2024-11-26,121.3
2167,1377,2024-07-13,461.77
2168,1114,2025-02-23,493.6
2169,928,2024-11-06,837.63
2170,668,2025-03-06,980.01
2171,75,2025-03-15,708.74
2172,886,2024-11-21,318.56
2173,1892,2024-08-17,490.06
2174,145,2025-01-23,110.34
2175,1792,2024-06-02,339.55
2176,1805,2024-12-31,786.06
2177,21,2024-04-07,464.08
2178,1115,2025-01-23,311.4
2179,763,2024-08-15,813.04
2180,1259,2024-04-23,978.52
2181,1269,2024-12-08,890.46
2182,260,2025-02-03,191.83
2183,400,2024-06-13,639.75
2184,173,2024-03-28,687.64
2185,875,2024-10-06,415.71
2186,1548,2025-03-09,37.92
2187,900,2024-08-07,132.18
2188,1378,2024-06-21,727.75
2189,1200,2024-12-26,948.62
2190,345,2024-11-21,229.81
2191,1306,2025-03-19,791.24
2192,928,2024-12-18,742.51
2193,608,2024-08-14,527.35
2194,1705,2024-09-26,874.84
2195,1068,2024-06-26,67.37
2196,421,2024-06-04,982.38
2197,920,2024-07-22,249.99
2198,1896,2025-01-31,297.15
2199,954,2024-12-09,931.41
2200,417,2025-02-25,855.18
2201,106,2024-05-27,349.0
2202,1001,2024-05-19,839.19
2203,652,2025-01-06,541.03
2204,688,2024-12-01,36.22
2205,1431,2024-05-31,738.48
2206,1788,2024-08-06,342.6
2207,1719,2024-07-27,59.32
2208,218,2024-09-11,990.16
2209,995,2024-03-28,680.15
2210,1101,2024-12-02,96.08
2211,737,2024-09-28,862.48
2212,511,2024-11-13,122.17
2213,1166,2025-02-15,407.36
2214,723,2024-08-10,150.81
2215,764,2024-08-28,395.87
2216,1003,2024-11-14,621.68
2217,591,2024-10-19,447.89
2218,1628,2025-02-16,272.52
2219,886,2025-01-10,852.42
2220,897,2025-03-18,796.49
2221,87,2024-08-13,907.37
2222,887,2024-06-03,749.56
2223,1123,2024-10-07,462.01
2224,1997,2024-09-23,575.0
2225,378,2024-07-10,884.57
2226,1526,2024-06-01,624.7
2227,188,2024-11-13,779.93
2228,1528,2024-05-28,513.18
2229,1367,2025-03-09,275.83
2230,1505,2024-08-27,874.01
2231,1140,2024-07-12,254.75
2232,1758,2024-12-23,568.36
2233,1698,2024-04-29,361.8
2234,1465,2024-07-04,945.16
2235,215,2024-09-07,547.57
2236,1594,2024-11-04,470.75
2237,887,2024-05-02,659.16
2238,196,2025-03-08,809.95
2239,1218,2025-01-24,947.73
2240,941,2024-03-25,424.87
2241,511,2025-03-05,433.02
2242,995,2025-01-04,482.34
2243,262,2024-10-27,333.49
2244,1625,2024-05-13,535.49
2245,748,2024-08-19,214.78
2246,1525,2024-06-21,685.38
2247,377,2024-10-22,740.24
2248,1538,2024-03-22,795.62
2249,1111,2024-04-26,346.01
2250,1984,2024-09-24,524.97
2251,1010,2024-05-09,280.82
2252,1249,2025-02-07,170.42
2253,1345,2024-11-15,320.49
2254,471,2024-12-30,306.39
2255,1246,2024-12-13,202.32
2256,943,2024-11-03,216.55
2257,55,2024-04-26,488.11
2258,103,2024-05-01,287.81
2259,568,2024-04-25,853.81
2260,854,2024-12-29,23.24
2261,1500,2024-06-21,409.41
2262,1093,2024-06-29,816.82
2263,919,2024-09-22,474.54
2264,833,2024-10-14,70.86
2265,1790,2024-12-14,814.76
2266,444,2025-02-13,122.39
2267,1725,2025-01-28,663.62
2268,873,2024-07-05,998.02
2269,1781,2024-08-09,319.21
2270,1957,2025-03-03,677.42
2271,208,2024-05-25,809.52
2272,1445,2024-06-04,839.25
2273,1904,2024-06-30,182.58
2274,807,2024-04-05,983.0
2275,169,2024-03-30,699.76
2276,706,2024-08-28,861.6
2277,979,2025-03-21,731.75
2278,121,2024-10-18,110.87
2279,498,2025-01-23,594.79
2280,1921,2024-08-02,228.03
2281,357,2024-08-22,733.51
2282,1234,2025-02-06,488.45
2283,1497,2024-09-16,812.92
2284,840,2025-01-24,136.8
2285,1490,2025-01-08,512.99
2286,250,2024-11-29,910.75
2287,1923,2024-04-11,658.21
2288,1552,2024-04-10,233.04
2289,855,2024-06-10,899.68
2290,1645,2024-06-28,346.73
2291,1506,2024-07-22,826.61
2292,1559,2025-02-21,281.7
2293,523,2024-07-30,297.74
2294,36,2025-02-21,505.39
2295,1372,2025-01-14,402.98
2296,303,2024-10-18,791.84
2297,334,2024-04-10,513.8
2298,1515,2025-03-16,620.22
2299,324,2024-04-02,162.77
2300,638,2024-09-23,591.01
2301,551,2025-02-23,481.21
2302,493,2024-05-26,355.52
2303,1240,2025-02-26,493.29
2304,371,2024-07-11,464.21
2305,1797,2024-11-12,533.95
2306,447,2024-05-27,520.53
2307,63,2025-01-20,262.61
2308,336,2024-05-26,99.4
2309,627,2025-02-08,121.21
2310,1218,2024-08-06,543.82
2311,1727,2025-02-17,800.49
2312,1037,2024-04-14,131.23
2313,1040,2024-04-30,792.79
2314,1893,2024-06-14,31.24
2315,8,2024-07-13,462.01
2316,1477,2024-12-08,760.28
2317,1958,2024-11-15,803.06
2318,1613,2024-12-03,349.09
2319,1703,2024-06-10,796.82
2320,1759,2024-06-07,234.42
2321,524,2024-08-27,816.06
2322,1811,2024-05-01,735.05
2323,211,2024-12-24,146.88
2324,1696,2025-01-08,626.33
2325,534,2024-04-01,85.24
2326,508,2024-11-28,740.3
2327,1921,2024-07-25,981.98
2328,1637,2025-02-14,988.2
2329,288,2024-12-09,619.6
2330,926,2025-02-24,79.96
2331,78,2024-10-20,993.5
2332,1239,2024-06-14,868.85
2333,230,2025-01-18,343.25
2334,982,2024-06-10,497.27
2335,885,2024-09-12,521.29
2336,1955,2024-11-05,352.67
2337,275,2025-03-22,403.89
2338,1988,2024-10-18,730.73
2339,967,2024-09-09,588.4
2340,1378,2025-01-11,753.63
2341,1925,2024-06-25,37.36
2342,471,2024-11-21,218.88
2343,1103,2024-12-06,229.17
2344,1592,2024-05-24,840.75
2345,393,2024-07-22,524.77
2346,681,2024-08-20,519.94
2347,372,2024-09-03,674.77
2348,961,2024-07-31,351.03
2349,837,2025-03-17,758.96
2350,687,2024-08-27,909.2
2351,1809,2024-11-10,461.13
2352,1670,2024-07-20,931.85
2353,1796,2025-01-23,688.98
2354,902,2024-06-30,593.16
2355,1251,2024-06-12,552.32
2356,1652,2024-05-13,477.61
2357,766,2024-12-27,906.78
2358,874,2024-05-13,472.81
2359,626,2025-01-10,715.77
2360,1262,2025-02-03,887.04
2361,996,2024-10-19,94.37
2362,529,2024-04-11,213.93
2363,1819,2024-06-30,147.47
2364,309,2024-07-21,305.76
2365,1786,2024-06-09,518.02
2366,1873,2024-12-15,757.8
2367,576,2025-02-14,193.64
2368,917,2024-11-26,530.14
2369,247,2025-02-18,399.86
2370,826,2024-08-21,172.25
2371,1724,2024-04-06,965.19
2372,619,2024-08-27,985.71
2373,286,2025-02-27,390.16
2374,635,2024-09-13,237.96
2375,1265,2024-12-14,320.44
2376,1795,2025-03-01,422.7
2377,1861,2024-11-01,107.71
2378,1036,2024-12-21,68.11
2379,619,2024-05-30,678.53
2380,601,2024-04-22,132.79
2381,963,2025-01-12,298.34
2382,688,2024-11-03,168.77
2383,1767,2024-06-22,538.91
2384,1677,2024-05-12,596.75
2385,345,2024-10-27,472.2
2386,1075,2024-08-05,796.42
2387,1448,2025-02-22,132.59
2388,1159,2025-01-21,858.18
2389,1987,2024-09-04,23.48
2390,1846,2024-12-27,40.11
2391,548,2024-09-24,437.36
2392,1978,2024-07-03,625.12
2393,902,2024-10-15,214.44
2394,300,2025-02-14,491.64
2395,34,2024-06-07,512.01
2396,518,2024-11-07,306.33
2397,754,2024-07-04,911.23
2398,628,2024-07-09,610.97
2399,1809,2024-11-16,770.93
2400,1498,2024-10-31,325.6
2401,793,2024-05-20,256.1
2402,300,2025-01-21,829.74
2403,1723,2024-06-03,689.09
2404,302,2024-05-21,737.56
2405,569,2024-07-18,552.29
2406,1148,2024-08-19,70.28
2407,1898,2024-11-22,942.69
2408,1816,2024-11-18,85.96
2409,1213,2024-10-09,136.29
2410,539,2025-02-08,473.41
2411,1402,2024-12-06,780.32
2412,1854,2025-02-08,908.34
2413,1356,2024-07-16,657.27
2414,1679,2024-06-04,123.45
2415,343,2024-08-26,526.88
2416,1792,2024-09-22,713.53
2417,1265,2024-11-20,84.55
2418,1252,2024-04-10,151.68
2419,17,2024-08-15,628.25
2420,610,2024-08-28,614.25
2421,1839,2024-05-19,430.3
2422,716,2024-10-24,638.61
2423,1674,2024-08-12,32.66
2424,674,2024-06-20,308.75
2425,241,2024-11-15,615.29
2426,413,2025-03-12,333.04
2427,203,2024-09-22,983.32
2428,1412,2024-11-23,200.91
2429,1250,2025-02-23,874.06
2430,939,2024-07-09,927.76
2431,1281,2024-06-08,440.25
2432,574,2024-07-05,257.52
2433,1692,2024-06-12,626.09
2434,775,2025-02-09,268.36
2435,588,2024-05-02,852.06
2436,323,2024-11-27,935.43
2437,1093,2024-09-05,885.95
2438,1965,2025-01-12,819.15
2439,1559,2024-10-05,41.94
2440,899,2024-07-15,268.82
2441,513,2024-08-09,93.14
2442,1679,2024-12-02,305.85
2443,200,2025-01-08,235.34
2444,797,2024-12-12,461.52
2445,68,2024-11-30,335.23
2446,869,2024-11-16,42.5
2447,1550,2024-04-18,847.81
2448,548,2025-02-12,544.93
2449,98,2024-10-08,111.08
2450,5,2024-06-05,224.75
2451,873,2024-05-25,758.22
2452,1957,2024-05-26,369.96
2453,737,2024-11-12,353.27
2454,416,2024-12-09,558.06
2455,8,2024-08-11,701.39
2456,663,2024-05-30,98.97
2457,546,2024-10-19,363.92
2458,780,2024-06-29,479.59
2459,939,2024-05-31,229.36
2460,1343,2024-08-26,567.59
2461,685,2024-05-14,161.57
2462,1632,2024-11-21,148.21
2463,1205,2024-04-07,560.0
2464,1465,2025-03-20,93.29
2465,1025,2024-12-01,630.92
2466,58,2025-01-03,361.66
2467,1900,2025-01-13,876.82
2468,1557,2025-03-21,419.01
2469,651,2025-01-09,605.12
2470,469,2024-05-10,922.76
2471,1800,2024-07-17,765.85
2472,992,2024-07-22,416.18
2473,783,2024-11-18,140.64
2474,899,2024-08-12,531.27
2475,1033,2024-05-04,689.71
2476,1436,2024-08-22,957.75
2477,1024,2024-08-21,113.37
2478,903,2024-07-18,542.18
2479,1914,2024-05-28,822.85
2480,1140,2024-03-29,657.33
2481,869,2024-04-27,999.22
2482,196,2024-07-03,815.13
2483,1772,2024-07-14,826.82
2484,406,2024-10-30,727.97
2485,1799,2024-05-31,432.87
2486,556,2024-05-06,790.78
2487,1381,2025-01-23,171.5
2488,161,2024-08-15,724.99
2489,1545,2024-09-08,391.92
2490,1755,2024-09-01,146.83
2491,33,2024-07-10,533.8
2492,1650,2024-10-16,136.37
2493,148,2025-02-27,925.9
2494,1066,2025-01-11,186.91
2495,274,2025-02-07,420.75
2496,1964,2025-02-07,517.74
2497,1371,2024-11-01,552.58
2498,1377,2024-07-11,86.57
2499,1104,2024-04-26,582.01
2500,1220,2024-12-17,301.23
2245,748,2024-08-19,214.78
1759,1895,2024-04-03,421.19
654,1626,2024-09-02,373.11
1978,1626,2024-08-11,896.38
851,1417,2024-03-30,654.11
1830,720,2024-07-06,339.32
245,980,2024-07-19,459.66
2468,1557,2025-03-21,419.01
349,77,2024-09-20,326.66
1750,906,2025-02-13,944.14
1571,240,2024-11-18,737.03
2000,494,2024-04-24,465.04
123,489,2024-09-02,562.87
1504,1252,2025-01-01,279.69
320,657,2024-12-27,355.54
1278,359,2024-11-02,288.26
115,803,2024-09-12,681.12
907,1441,2024-10-05,359.02
1296,438,2024-09-12,691.0
2499,1104,2024-04-26,582.01
1909,1758,2024-11-17,562.09
163,1347,2025-01-18,384.52
306,1746,2024-12-22,329.24
867,607,2024-08-30,540.26
2475,1033,2024-05-04,689.71
1787,1451,2025-02-15,659.18
1189,116,2024-07-30,626.38
2104,1,2025-01-09,619.82
863,630,2024-04-26,591.52
1435,1673,2024-06-20,617.8
932,559,2025-03-22,130.25
1982,756,2024-12-06,909.54
615,565,2024-12-05,721.2
2341,1925,2024-06-25,37.36
1201,1839,2024-03-22,890.31
374,564,2024-12-13,581.92
159,107,2024-05-02,209.71
1748,894,2024-04-27,486.97
1202,1905,2025-01-24,224.92
1783,549,2024-06-27,375.18
257,1726,2024-12-21,303.71
1069,1642,2024-09-14,356.26
167,24,2024-07-12,68.1
2090,1321,2024-10-05,207.07
1766,1693,2025-01-18,262.95
247,1840,2024-07-23,165.17
856,101,2024-07-14,169.97
2267,1725,2025-01-28,663.62
1691,1788,2025-03-03,699.54
1796,218,2024-09-24,236.51
2077,874,2024-05-18,74.33
1406,596,2024-08-06,634.46
2255,1246,2024-12-13,202.32
1479,1951,2024-11-05,550.79
940,471,2024-04-02,296.31
925,700,2024-05-03,705.02
382,328,2025-02-15,707.56
476,112,2025-01-13,720.84
1619,1446,2024-09-28,990.66
934,1260,2024-07-25,619.09
2208,218,2024-09-11,990.16
2239,1218,2025-01-24,947.73
2132,1161,2024-08-11,410.64
2147,1778,2024-07-12,947.44
643,1342,2024-05-29,902.24
1133,1235,2025-02-14,341.86
1650,539,2025-02-05,770.32
1623,78,2024-12-26,202.77
1582,1177,2024-04-29,994.25
1587,958,2024-10-29,429.37
1974,338,2024-12-21,325.97
799,1888,2025-03-02,849.27
1562,988,2024-06-29,219.43
133,1535,2024-08-29,990.05
1643,1529,2024-03-29,531.25
2477,1024,2024-08-21,113.37
2028,409,2024-12-30,469.02
629,1203,2025-03-05,253.83
1057,716,2024-08-07,792.97
663,1943,2025-02-23,282.98
2369,247,2025-02-18,399.86
1661,410,2025-03-20,332.82
136,1135,2024-05-29,996.81
1634,1199,2025-03-20,230.49
392,1651,2024-06-18,527.43
298,538,2024-07-04,950.51
672,109,2024-09-28,385.25
1667,1416,2024-05-25,570.39
1620,1635,2025-03-21,532.56
939,1682,2024-06-15,468.52
1028,962,2024-05-28,75.44
1045,20,2024-12-08,688.63
1072,890,2024-05-27,172.52
2293,523,2024-07-30,297.74
2004,601,2024-05-06,618.9
837,1207,2024-07-14,234.68
2124,989,2025-02-06,447.69
652,265,2024-07-06,221.9
538,782,2024-03-30,363.29
2002,1265,2024-06-15,269.21
2401,793,2024-05-20,256.1
1226,541,2025-02-13,48.23
877,1832,2024-12-12,661.03
1701,655,2024-09-11,195.42
1554,1559,2024-06-09,861.4
8,957,2024-04-22,329.97
1651,690,2024-07-04,789.15
548,1699,2024-05-27,806.89
200,921,2024-05-09,797.87
850,122,2024-06-07,235.89
1652,652,2025-02-19,878.23
2095,1305,2024-05-01,44.92
1946,1250,2025-02-15,617.71
2019,1381,2024-12-16,582.98
1321,934,2025-01-02,397.61
1080,1912,2024-10-07,877.62
1118,1345,2024-09-08,47.87
2117,536,2024-11-18,198.99
1758,1089,2024-04-01,957.81
1822,486,2024-07-24,523.82
121,940,2024-04-06,324.22
580,1481,2024-11-13,147.63
1957,1300,2024-12-17,666.52
1666,312,2024-10-20,96.23
281,1709,2024-06-17,682.6
